Employee_ID,First_Name,Last_Name,Age,Department,Salary,Years_of_Experience,Performance_Score,Joining_Date
EMP0052,Bob,Perez,50,Customer Support,41628.32,6,3.5,2023-09-27
EMP0169,Oscar,Garcia,23,IT,106890.1,1,1.8,2024-02-28
EMP1469,John,Smith,28,Sales,59324.69,2,3.1,2020-09-12
EMP0927,Ava,Lee,27,Finance,43582.48,16,2.9,2023-10-17
EMP0423,Alice,Jackson,44,R&D,98714.08,6,4.3,2020-04-22
EMP1091,Frank,Miller,35,IT,94307.95,1,4.9,2024-05-30
EMP0586,Mallory,Jackson,46,HR,69373.45,10,2.7,2024-08-12
EMP0221,Alice,Gonzalez,40,Sales,77504.49,2,2.1,2023-02-17
EMP1468,Heidi,Garcia,48,Finance,70311.84,14,2.7,2024-10-28
EMP1441,Peggy,Martinez,50,Sales,95946.35,3,4.4,2024-04-06
EMP1147,Oscar,Wilson,40,Sales,51383.74,1,3.7,2022-01-01
EMP0050,Alice,Anderson,27,Finance,54544.15,16,,2019-09-03
EMP0536,Grace,Hernandez,53,Sales,72565.05,7,4.5,2024-05-10
EMP0176,Elijah,Brown,38,,95196.34,14,4.6,2020-04-27
EMP1076,Charlie,Perez,58,R&D,58614.84,10,4.0,2019-12-16
EMP0406,Ivan,Gonzalez,45,R&D,80985.85,6,,2023-06-17
EMP0847,Alice,Thomas,22,Sales,53192.02,5,3.0,2023-07-18
EMP0599,Ava,Martinez,43,Sales,60308.17,19,2.7,2023-10-07
EMP1494,Emma,Rodriguez,39,Customer Support,47379.11,14,1.5,2021-02-04
EMP0939,Romeo,Anderson,25,HR,71637.12,14,1.3,2023-05-06
EMP1486,Olivia,Perez,23,HR,92745.82,15,3.2,2019-07-08
EMP0204,Diana,Thomas,49,Sales,43589.99,7,2.3,2022-08-04
EMP1035,Eve,Harris,29,HR,91589.5,8,4.1,2023-04-22
EMP0298,Victor,Brown,44,HR,82866.36,9,1.2,2020-04-15
EMP0454,Oscar,Hernandez,34,IT,63338.45,9,1.5,2024-07-26
EMP0368,Jane,Rodriguez,37,Finance,93686.4,14,4.2,2023-09-01
EMP0942,Frank,Jackson,29,Engineering,89958.21,9,2.9,2020-06-14
EMP0238,Victor,Wilson,39,R&D,80579.88,11,2.0,2019-03-01
EMP1165,Noah,Gonzalez,55,Engineering,70535.95,13,3.3,2021-06-22
EMP0678,Olivia,Harris,34,Finance,101351.95,17,1.2,2018-04-02
EMP0124,Romeo,Rodriguez,57,Finance,72208.21,14,1.5,2019-01-26
EMP0707,Jane,Davis,55,Customer Support,65707.65,1,2.6,2020-06-17
EMP0603,Judy,Hernandez,55,Engineering,54683.56,11,3.0,2020-01-04
EMP0463,Emma,Miller,34,Customer Support,78620.43,5,3.5,2018-12-21
EMP0911,Alice,Gonzalez,26,HR,85925.68,18,3.4,2020-09-23
EMP1342,Mallory,Martinez,45,Engineering,90578.73,14,1.9,2024-04-08
EMP1297,Charlie,Anderson,59,Sales,88587.47,9,4.0,2020-08-24
EMP0077,Elijah,Wilson,22,IT,,12,3.3,2022-11-28
EMP1170,Sybil,Jackson,31,Finance,42136.22,3,2.9,2019-01-02
EMP1135,Emma,Davis,42,Marketing,89816.49,8,1.3,2022-05-16
EMP0487,Oscar,Harris,56,HR,108398.09,16,4.0,2024-06-03
EMP0462,Eve,Taylor,43,Finance,98469.48,17,4.1,2024-10-20
EMP1336,Ivan,Martin,24,Customer Support,83431.73,16,,2022-01-07
EMP1312,Romeo,Thompson,55,Customer Support,94577.16,10,2.8,2019-09-27
EMP1484,Sophia,Williams,59,Engineering,50246.75,12,4.0,2018-03-08
EMP0839,Trent,Johnson,26,HR,70777.4,16,4.2,2018-06-04
EMP0782,Judy,Garcia,45,Customer Support,,2,1.0,2021-07-17
EMP0343,Diana,Garcia,34,Sales,73590.02,3,3.8,2019-06-17
EMP1098,Romeo,Thomas,47,HR,99077.69,17,2.8,2021-07-08
EMP1383,Oscar,Moore,49,Customer Support,44552.82,13,3.7,2021-08-14
EMP0071,Eve,Williams,36,Customer Support,62488.75,4,1.2,2018-07-07
EMP1217,Victor,Moore,56,Engineering,83517.74,5,,2022-08-19
EMP0991,Mallory,Thompson,43,Engineering,86871.13,3,1.6,2023-10-24
EMP1463,Romeo,White,46,IT,49154.75,6,2.4,2021-08-22
EMP1289,Peggy,Perez,41,Customer Support,64916.4,1,3.5,2020-11-03
EMP0544,Frank,Hernandez,40,Sales,55811.22,4,4.7,2020-06-26
EMP0943,Alice,Jones,49,Finance,,13,3.9,2024-06-07
EMP0904,Sophia,Wilson,34,Finance,63150.71,10,1.8,2024-01-13
EMP0417,Alice,Johnson,50,R&D,48057.47,16,4.0,2018-01-31
EMP1316,Peggy,Moore,46,IT,,15,4.8,2019-10-08
EMP0965,Olivia,Miller,46,,87431.44,17,1.2,2023-05-30
EMP0125,Noah,Miller,34,Finance,97163.66,12,2.0,2022-11-08
EMP0494,Jane,Lee,31,Customer Support,75293.76,16,2.7,2020-05-10
EMP1014,Ava,Martinez,25,Sales,89166.08,9,4.3,2020-05-12
EMP0424,Oscar,Wilson,38,Sales,89379.07,11,3.0,2024-01-12
EMP0619,Mallory,Garcia,31,Sales,75415.87,7,4.0,2023-10-23
EMP1049,Heidi,Garcia,58,HR,79193.19,4,2.2,2018-07-15
EMP0789,Ava,Taylor,25,R&D,77464.1,12,3.5,2020-11-04
EMP1277,Liam,White,41,Marketing,92737.75,19,,2019-01-20
EMP0621,Heidi,Hernandez,38,HR,71342.07,18,1.5,2022-05-09
EMP0893,Frank,Thompson,58,R&D,68839.31,17,2.0,2022-07-26
EMP1358,John,Martinez,51,IT,75995.47,6,1.5,2023-12-16
EMP0068,Olivia,Martin,47,Sales,43472.16,2,3.7,2022-10-11
EMP0768,Victor,Lee,42,Customer Support,85021.88,1,3.8,2024-09-16
EMP1481,Trent,Wilson,41,HR,76519.11,3,1.3,2018-05-22
EMP1068,Alice,Williams,41,Customer Support,74813.99,9,2.7,2022-08-14
EMP0290,Sophia,Jones,24,,99721.86,7,3.5,2020-03-29
EMP1236,Emma,Martin,34,Customer Support,80317.56,0,3.1,2019-02-23
EMP0825,Grace,Perez,23,Engineering,38937.21,18,2.0,2022-05-13
EMP1094,Mallory,Wilson,46,R&D,78946.31,11,1.2,2018-11-21
EMP0241,Elijah,Wilson,56,Customer Support,51248.03,15,1.7,2024-10-18
EMP0620,Noah,Miller,40,IT,60439.94,9,4.2,2022-01-19
EMP1182,John,Smith,27,Customer Support,79930.1,6,4.5,2021-11-09
EMP0572,Romeo,Williams,57,HR,70926.52,12,1.1,2024-06-29
EMP0889,Alice,Martinez,57,Engineering,53180.67,11,2.8,2024-06-12
EMP0986,Sophia,Moore,42,Sales,76791.61,11,2.4,2021-11-23
EMP1152,Charlie,White,47,IT,75392.33,6,4.0,2021-01-20
EMP0498,Charlie,Lee,34,,83390.65,17,3.3,2023-10-01
EMP0272,Jane,Hernandez,25,Engineering,91670.58,0,4.9,2019-04-18
EMP0307,Jane,Martin,47,Customer Support,,19,1.3,2022-05-12
EMP1175,Olivia,Thomas,29,HR,49796.7,12,1.3,2020-11-30
EMP0354,Ava,Garcia,33,IT,104814.52,11,4.0,2024-09-10
EMP0352,Victor,Johnson,44,IT,99375.24,17,1.4,2019-09-22
EMP0480,Grace,Lee,42,Finance,88463.63,8,2.7,2018-02-15
EMP0812,John,Harris,58,Marketing,77300.52,19,2.4,2019-07-20
EMP0030,Oscar,White,28,Marketing,64295.3,6,4.9,2020-12-13
EMP1459,Trent,Miller,36,Engineering,66264.72,9,4.8,2022-12-20
EMP0924,Charlie,Williams,32,IT,82392.84,13,3.2,2021-07-17
EMP1191,Grace,Lopez,53,IT,94746.69,13,1.3,2022-10-30
EMP0066,Heidi,Moore,39,Customer Support,92673.2,11,3.6,2022-01-15
EMP1051,Charlie,Hernandez,35,Engineering,91142.45,10,3.7,2019-02-10
EMP0142,Romeo,Harris,34,HR,98740.61,2,2.7,2020-09-13
EMP0874,Noah,Rodriguez,46,IT,93383.08,9,2.6,2018-03-04
EMP1121,Victor,Jones,48,Customer Support,82528.19,4,1.7,2019-02-26
EMP0568,John,Johnson,29,HR,81035.84,13,1.9,2018-03-18
EMP1451,Liam,Lee,59,Customer Support,86292.12,13,1.1,2020-01-09
EMP1284,Grace,White,26,Customer Support,53578.93,13,4.8,2019-10-12
EMP1471,Mallory,Hernandez,50,Engineering,56676.16,11,4.0,2024-02-13
EMP0317,Peggy,Garcia,37,HR,93381.53,3,4.4,2018-08-09
EMP0491,Noah,Anderson,39,Customer Support,98932.63,14,2.9,2024-02-21
EMP0722,Olivia,Hernandez,43,Sales,84783.74,5,3.1,2022-03-30
EMP1337,Ava,Thomas,55,Engineering,,2,1.3,2019-07-06
EMP0971,Eve,Brown,39,IT,39539.35,14,1.4,2023-07-04
EMP1141,Romeo,Jones,45,Marketing,123252.31,1,5.0,2019-06-02
EMP1262,Olivia,Wilson,36,Customer Support,86688.26,12,,2024-02-03
EMP0185,Peggy,Brown,54,Finance,,19,4.7,2024-09-23
EMP1361,Victor,Perez,57,Marketing,88976.57,5,1.9,2021-04-26
EMP1036,Heidi,Moore,58,IT,71123.48,6,2.6,2018-02-09
EMP0725,Victor,Lee,49,IT,83196.37,19,2.2,2019-03-21
EMP0275,Sybil,Wilson,49,Marketing,99553.38,2,2.6,2023-05-22
EMP0045,Charlie,Gonzalez,35,Sales,109550.86,13,3.6,2018-02-22
EMP0060,Peggy,Brown,36,Marketing,95941.97,2,2.5,2023-03-17
EMP1055,Bob,Taylor,31,HR,96204.2,1,1.9,2020-11-07
EMP0811,Oscar,Brown,59,Finance,37496.55,4,1.2,2022-06-19
EMP0024,John,Taylor,48,R&D,,5,2.7,2019-04-12
EMP0579,Ava,Rodriguez,49,Finance,104853.77,16,2.2,2024-02-05
EMP1232,Elijah,Thomas,23,Finance,87090.31,13,3.9,2018-07-23
EMP0248,Emma,Hernandez,42,Sales,72059.96,16,4.5,2021-01-25
EMP0757,Mallory,Davis,55,Marketing,53926.35,7,2.1,2021-12-06
EMP0116,Frank,Brown,53,HR,73385.67,0,2.3,2018-02-20
EMP0434,Diana,Hernandez,32,,118300.05,11,3.4,2018-08-11
EMP0355,Sophia,Harris,22,Customer Support,,4,2.1,2018-07-28
EMP1396,Elijah,Davis,33,Sales,103969.98,8,1.0,2023-06-12
EMP0375,Sybil,Brown,51,Customer Support,63469.79,15,4.5,2021-12-02
EMP0753,Alice,Davis,24,Customer Support,74611.61,8,1.6,2022-10-24
EMP1199,Liam,Moore,43,HR,115472.12,4,2.6,2022-08-14
EMP0079,Alice,Jones,45,Sales,85872.0,7,1.5,2019-01-16
EMP0271,Alice,Moore,40,R&D,,7,4.2,2021-08-13
EMP1398,Noah,Davis,38,Sales,48479.05,10,1.3,2019-02-09
EMP0240,Oscar,Davis,23,Engineering,117902.98,14,1.3,2024-09-25
EMP0351,Heidi,Williams,47,Marketing,105615.02,17,4.7,2018-06-13
EMP0016,Victor,White,51,HR,69377.99,14,4.7,2021-01-10
EMP1193,Jane,Gonzalez,37,R&D,,11,4.3,2024-09-11
EMP0359,Trent,Williams,46,Customer Support,67236.46,18,4.0,2024-03-03
EMP0304,Liam,Moore,54,IT,,12,1.1,2024-04-20
EMP0416,Elijah,White,31,Engineering,78693.61,9,2.9,2023-12-25
EMP0433,Heidi,Smith,25,R&D,84117.76,6,2.8,2018-10-28
EMP0278,Emma,Harris,27,IT,83380.38,13,4.7,2022-09-06
EMP0615,Heidi,Lopez,44,Finance,35000.0,7,2.4,2022-02-22
EMP1213,Emma,Brown,38,R&D,115486.19,19,1.0,2021-01-18
EMP0539,Noah,Taylor,42,Sales,54516.26,2,3.8,2022-10-21
EMP1001,Judy,Davis,51,Sales,55566.87,9,2.8,2022-01-21
EMP0372,Jane,Brown,35,Sales,38960.39,17,4.1,2024-01-09
EMP0629,Ava,Martinez,53,Marketing,81461.59,17,4.0,2021-01-25
EMP1264,Frank,Martinez,25,Customer Support,43715.17,14,2.2,2020-01-14
EMP0055,Olivia,Rodriguez,55,HR,65336.27,16,1.1,2020-11-14
EMP1401,Diana,Wilson,43,HR,55724.82,11,1.9,2022-05-11
EMP1074,Emma,Jones,41,Sales,,13,,2024-06-16
EMP1031,Sybil,Perez,22,Customer Support,42848.8,19,3.1,2022-04-10
EMP0967,Grace,Martinez,32,HR,82542.01,15,1.2,2021-07-15
EMP0486,Victor,Anderson,26,Sales,86771.57,7,3.1,2018-01-21
EMP1464,Judy,Anderson,38,Finance,88794.16,14,1.1,2022-03-03
EMP0773,Elijah,Jones,32,Marketing,61918.49,4,2.8,2018-01-23
EMP0977,Oscar,Anderson,46,Customer Support,35000.0,3,4.3,2024-06-20
EMP0975,Victor,Garcia,38,Engineering,63086.77,11,,2022-06-18
EMP1011,Grace,Martin,49,IT,91008.19,19,3.2,2020-01-24
EMP0044,Grace,Williams,56,R&D,117845.41,12,3.5,2018-01-12
EMP0427,Grace,Thompson,50,Finance,46563.79,9,4.9,2019-09-22
EMP0850,Jane,Harris,29,Customer Support,75376.99,15,3.1,2020-04-06
EMP1373,Alice,Lopez,55,Engineering,88671.39,6,2.0,2021-08-06
EMP0507,Eve,Rodriguez,29,Finance,46632.69,2,1.9,2024-05-12
EMP0102,Frank,Lee,56,Marketing,68014.85,18,1.8,2020-01-13
EMP1103,Jane,Martinez,32,IT,46122.9,11,2.0,2022-06-08
EMP0108,Noah,Johnson,47,Engineering,79775.78,0,1.2,2023-06-23
EMP1069,Mallory,Taylor,32,Marketing,68442.11,1,2.8,2019-05-12
EMP1205,Liam,Harris,29,IT,35000.0,10,4.3,2022-05-16
EMP0431,Frank,Brown,55,Marketing,101563.88,1,4.8,2018-06-05
EMP0840,John,Miller,35,Customer Support,55256.41,6,1.3,2022-04-24
EMP1002,Victor,Thomas,50,Customer Support,47407.64,6,4.7,2020-11-29
EMP1288,Frank,Jones,56,HR,81393.04,5,1.9,2019-05-16
EMP1180,Olivia,Martinez,58,Marketing,86153.82,18,,2023-11-14
EMP0712,Charlie,Johnson,47,Sales,65501.93,15,2.4,2020-01-15
EMP0129,Trent,Perez,49,R&D,62524.62,16,1.5,2022-04-26
EMP1455,Peggy,Jones,46,IT,79506.16,8,2.4,2021-10-14
EMP1448,Judy,Hernandez,26,Customer Support,73756.18,5,4.6,2022-10-16
EMP0694,Noah,Thompson,53,Customer Support,56551.8,9,4.3,2023-10-18
EMP0530,Victor,White,34,,104550.6,2,3.3,2023-01-20
EMP0665,Alice,Davis,26,HR,,18,4.0,2024-10-01
EMP1482,Heidi,Taylor,57,Sales,,18,3.3,2021-03-11
EMP0865,Peggy,Anderson,39,IT,78197.13,8,1.4,2018-12-22
EMP1384,Jane,Thompson,36,Engineering,97253.77,17,2.2,2022-08-06
EMP0033,Peggy,Anderson,39,HR,116505.22,14,1.5,2022-01-06
EMP0675,Jane,Anderson,55,Sales,81769.68,11,2.3,2024-08-16
EMP0472,Victor,Jones,35,R&D,109044.3,2,3.2,2020-06-19
EMP0382,Alice,Perez,57,R&D,86585.83,5,1.1,2020-06-13
EMP1164,Peggy,Williams,59,Sales,79879.06,3,3.0,2023-12-27
EMP0452,Bob,Hernandez,58,HR,91314.74,13,3.8,2018-01-25
EMP1304,Sophia,Wilson,55,Engineering,55376.69,6,4.6,2019-05-06
EMP0232,Trent,Lee,41,Engineering,61141.9,7,1.4,2023-06-02
EMP0817,John,Jones,54,R&D,68618.92,3,,2019-02-15
EMP0527,Ava,Anderson,29,Marketing,88927.75,5,1.5,2020-03-03
EMP1465,Romeo,Lee,50,Sales,64940.5,2,3.8,2022-08-16
EMP0990,Frank,Thompson,41,,97675.4,16,1.9,2019-05-09
EMP0164,Mallory,Lopez,58,Marketing,77511.53,13,4.2,2019-02-25
EMP1084,Oscar,Williams,38,Finance,72935.56,16,1.9,2022-04-10
EMP1179,Ivan,Thomas,44,R&D,,7,1.1,2018-01-01
EMP1145,Victor,Gonzalez,57,Engineering,75449.32,1,3.0,2018-04-28
EMP1220,Heidi,Jones,58,R&D,,4,3.9,2020-01-18
EMP0262,Frank,Brown,48,HR,70928.39,14,1.4,2020-06-09
EMP0590,Jane,Martinez,26,,64418.95,18,2.3,2023-08-15
EMP0651,Sybil,White,55,Sales,84694.66,5,2.3,2018-01-28
EMP0859,Charlie,Rodriguez,40,IT,74335.4,12,2.9,2019-11-26
EMP1201,Grace,Williams,35,Engineering,71199.22,19,2.4,2022-11-26
EMP0820,Victor,Moore,26,Sales,75426.23,13,3.6,2022-06-29
EMP0193,Sybil,Taylor,40,HR,77084.02,19,1.6,2021-10-30
EMP1186,Romeo,Rodriguez,46,Marketing,54698.12,15,4.1,2018-02-04
EMP0325,Peggy,Garcia,53,HR,85730.2,18,2.2,2024-02-17
EMP0482,Ava,Garcia,44,Marketing,50514.04,15,3.6,2024-03-23
EMP0064,Alice,Smith,42,Engineering,74229.83,9,4.8,2018-06-11
EMP1102,Olivia,Lee,58,,87024.13,2,1.0,2024-10-15
EMP0245,Noah,Wilson,25,Finance,71294.25,11,3.7,2022-09-11
EMP0974,Ava,Anderson,48,R&D,61924.67,9,3.7,2021-02-21
EMP0925,Victor,Davis,31,HR,72853.96,0,4.6,2022-08-17
EMP0366,Ava,Anderson,33,Finance,45302.04,11,3.1,2023-11-03
EMP0523,Diana,Martin,34,IT,58636.02,3,2.2,2020-08-18
EMP0932,Sophia,Johnson,47,Sales,119626.0,14,3.4,2021-03-22
EMP0483,Peggy,Harris,37,Engineering,70819.53,17,3.3,2019-08-03
EMP0926,Diana,Harris,59,R&D,83954.34,17,2.1,2021-12-17
EMP0199,Olivia,Thomas,28,Sales,55228.18,8,3.5,2019-03-12
EMP1221,Emma,Miller,47,Sales,111086.96,7,3.0,2019-07-14
EMP1285,Victor,Martin,26,Marketing,88604.32,10,1.8,2018-06-22
EMP0260,Romeo,Williams,59,Customer Support,107567.93,9,4.8,2021-07-09
EMP0567,Ivan,Martin,47,Engineering,55032.29,12,3.6,2018-11-05
EMP0219,Frank,Thompson,30,Sales,79478.28,16,4.2,2019-05-20
EMP0465,Grace,Lopez,57,Marketing,,10,2.8,2022-11-28
EMP0031,Victor,Hernandez,42,Marketing,101347.88,2,3.2,2023-11-13
EMP0057,Sophia,Gonzalez,57,Engineering,50484.69,5,4.2,2023-02-14
EMP1224,Oscar,Gonzalez,25,HR,49134.54,11,4.8,2023-02-09
EMP0894,Bob,Wilson,48,Marketing,90593.21,14,2.4,2023-09-05
EMP0922,Peggy,Johnson,26,,68323.61,8,4.7,2020-06-21
EMP0515,Victor,Anderson,27,Marketing,105842.2,12,3.3,2020-10-23
EMP1371,Mallory,Thompson,38,Sales,96198.73,3,4.8,2022-01-31
EMP0744,Peggy,Jones,43,Marketing,87307.35,16,4.4,2024-10-07
EMP1047,Jane,Jones,37,Marketing,111010.22,17,4.3,2024-04-21
EMP0863,Romeo,Gonzalez,46,HR,64025.5,14,5.0,2018-01-02
EMP1162,Peggy,Thomas,58,Customer Support,76017.75,3,4.9,2022-11-17
EMP1250,Jane,Taylor,22,Finance,95150.27,19,5.0,2021-06-30
EMP0414,Peggy,Williams,22,HR,77730.71,19,1.5,2019-11-17
EMP1177,Victor,Lee,42,Finance,67496.07,4,2.6,2021-05-28
EMP0655,Ava,Lopez,51,Engineering,68304.49,3,2.6,2019-11-10
EMP1054,Trent,Lopez,28,IT,85109.4,11,2.9,2020-06-01
EMP0853,Frank,Martinez,35,Finance,94062.73,3,2.4,2020-03-08
EMP0100,Oscar,Jones,56,HR,92004.43,6,4.0,2024-05-19
EMP1321,Oscar,Gonzalez,36,IT,96038.95,16,3.7,2018-09-02
EMP0310,Ivan,Moore,45,IT,35000.0,10,2.8,2021-03-24
EMP0276,Frank,Lopez,51,R&D,50807.18,14,2.9,2024-07-15
EMP1126,Heidi,Lopez,38,HR,107853.46,10,3.5,2018-08-09
EMP1390,Heidi,Jackson,41,Finance,99716.23,16,4.5,2018-06-29
EMP0616,Emma,Smith,58,Sales,,11,3.7,2020-08-16
EMP0844,Judy,Taylor,33,IT,61999.95,2,4.7,2024-09-13
EMP0637,Heidi,Perez,33,Engineering,80975.06,2,1.4,2022-02-05
EMP0589,Grace,Lopez,51,R&D,43749.08,7,2.4,2023-03-19
EMP0381,Diana,Taylor,42,HR,74693.8,19,1.5,2021-04-17
EMP0597,Emma,Thompson,47,IT,42697.36,19,3.8,2020-09-05
EMP0983,Noah,Thompson,43,Sales,85422.45,14,2.3,2024-01-24
EMP1178,Ava,Perez,38,Marketing,68645.7,3,2.4,2018-02-13
EMP0848,Elijah,Rodriguez,43,HR,103218.65,13,,2022-12-04
EMP0237,Olivia,Miller,50,R&D,61530.19,9,1.9,2019-06-10
EMP1056,John,Martinez,28,Sales,130193.2,12,2.0,2023-05-06
EMP1079,Romeo,Martin,30,IT,80251.23,3,1.7,2021-08-24
EMP1461,Frank,Hernandez,48,HR,109991.68,6,3.9,2021-07-14
EMP0888,Eve,Perez,48,Marketing,97534.1,13,1.0,2022-07-13
EMP0479,Liam,Harris,46,Marketing,100795.06,1,,2022-03-09
EMP0209,Olivia,Hernandez,56,HR,86001.04,6,4.7,2019-05-10
EMP0395,Alice,Harris,22,Customer Support,104423.41,7,4.9,2019-04-10
EMP0797,Victor,Johnson,29,Sales,62764.62,2,2.7,2020-04-14
EMP0362,Heidi,Perez,26,Sales,75060.92,3,4.5,2021-07-25
EMP0059,Ava,Lopez,52,IT,79489.04,12,3.9,2020-12-17
EMP0311,Sophia,Smith,34,Customer Support,82771.57,15,4.5,2018-07-12
EMP0868,Elijah,Garcia,53,HR,57676.5,1,,2021-12-17
EMP0412,Liam,Perez,33,IT,61445.69,2,1.2,2018-12-04
EMP1393,Alice,Johnson,25,Finance,78200.36,13,3.3,2018-05-09
EMP1204,Victor,Anderson,30,Marketing,102456.97,14,3.6,2019-10-31
EMP0731,Peggy,Thomas,35,Marketing,97141.61,10,1.5,2019-09-05
EMP1223,Elijah,Taylor,36,HR,89395.16,19,1.5,2019-03-29
EMP0345,John,Martinez,40,Sales,76289.49,9,2.0,2024-07-20
EMP1299,Grace,Wilson,46,Sales,,2,4.6,2021-08-22
EMP0869,Judy,Thomas,59,Sales,94389.14,7,1.9,2022-06-07
EMP1167,Noah,Anderson,40,Engineering,42981.92,3,4.4,2023-05-27
EMP1171,Oscar,Lopez,33,R&D,71482.91,19,,2022-12-15
EMP0716,Sybil,Davis,47,Sales,113778.58,2,2.6,2021-11-04
EMP0234,Diana,Harris,46,R&D,92898.49,12,2.3,2019-12-27
EMP0632,Romeo,Harris,52,Finance,43736.18,12,3.8,2024-02-08
EMP0197,Liam,Smith,41,Engineering,41140.86,1,4.9,2023-11-09
EMP1275,Peggy,Jackson,25,Finance,49952.13,12,3.6,2020-03-26
EMP0082,Mallory,Martinez,29,HR,35000.0,5,2.2,2020-01-20
EMP1420,Diana,Hernandez,55,Customer Support,76386.89,6,1.6,2022-02-20
EMP1088,Olivia,Jackson,53,Customer Support,72314.42,14,1.5,2019-11-18
EMP1169,Grace,Miller,38,Marketing,,12,2.7,2020-07-19
EMP0112,Ivan,Anderson,36,,74255.56,9,2.7,2018-07-08
EMP1330,Romeo,Harris,49,Sales,92753.11,18,3.1,2024-04-06
EMP0794,Trent,Smith,23,Engineering,78892.15,13,3.0,2022-02-06
EMP0999,Oscar,Miller,40,Finance,59542.45,15,4.5,2019-02-17
EMP0870,Diana,Thompson,54,Engineering,83543.89,6,1.6,2022-07-19
EMP1281,Heidi,Garcia,47,R&D,83734.77,18,1.1,2022-05-13
EMP1335,Jane,Rodriguez,50,Finance,88318.49,2,4.4,2022-03-28
EMP0602,Eve,Lee,54,HR,97972.75,0,3.1,2019-10-15
EMP0591,Noah,Lee,54,IT,90885.29,19,2.6,2023-09-22
EMP0719,Ivan,Lopez,29,HR,85278.16,19,3.3,2024-08-16
EMP0428,Charlie,Lee,47,Sales,105026.67,18,3.4,2018-04-08
EMP1307,John,Martin,49,IT,90667.81,3,1.0,2018-02-06
EMP0333,Alice,Lee,58,IT,102804.15,15,1.4,2020-02-05
EMP0813,Mallory,Jackson,32,R&D,71797.34,5,2.6,2019-05-03
EMP1162,Peggy,Thomas,58,Customer Support,76017.75,3,4.9,2022-11-17
EMP1038,Judy,Jackson,54,Engineering,35000.0,18,4.4,2022-09-23
EMP1033,Heidi,Lopez,45,Sales,59617.15,14,3.1,2019-08-21
EMP1090,Olivia,Lee,38,Sales,93524.31,6,4.3,2022-09-24
EMP0440,Sophia,Williams,31,HR,85156.72,19,2.6,2020-07-21
EMP0514,Oscar,Anderson,57,R&D,78691.03,12,3.3,2018-10-03
EMP1418,Emma,Harris,44,Customer Support,54920.85,4,3.8,2024-04-04
EMP1107,Elijah,Gonzalez,57,HR,64837.2,1,3.2,2024-08-01
EMP0549,Sophia,Garcia,52,Sales,65223.01,3,3.9,2021-09-20
EMP1314,Trent,Taylor,30,Engineering,58834.69,4,4.5,2019-01-02
EMP0994,Heidi,Garcia,22,R&D,78894.72,15,3.1,2018-02-04
EMP1497,Elijah,Anderson,52,Engineering,,1,4.6,2024-03-28
EMP0255,Frank,Perez,33,IT,58926.51,12,3.6,2022-08-18
EMP0323,Frank,Lopez,55,Marketing,71500.8,4,3.6,2022-02-15
EMP1106,Bob,Perez,42,Finance,,16,1.7,2022-01-27
EMP0745,Alice,Moore,47,HR,56291.23,7,3.8,2024-01-18
EMP0938,Ava,Lopez,57,Marketing,62583.05,15,1.3,2020-01-02
EMP0680,Alice,Taylor,44,,97797.57,5,1.3,2018-06-26
EMP0856,Olivia,Johnson,42,Marketing,82230.07,15,2.8,2023-09-23
EMP1247,Liam,Jackson,46,Marketing,103392.06,4,3.1,2020-06-08
EMP0340,Eve,Wilson,51,IT,71260.57,18,4.5,2021-02-17
EMP0087,Diana,Moore,49,Customer Support,49106.37,10,2.4,2021-01-18
EMP1437,Grace,Gonzalez,48,Engineering,86029.53,4,3.3,2023-11-26
EMP0266,Alice,Jones,51,Engineering,50521.19,19,3.5,2021-11-15
EMP0288,Sophia,Taylor,44,Engineering,56921.85,17,1.9,2018-08-06
EMP1499,Emma,Rodriguez,53,Engineering,,16,3.4,2024-05-30
EMP1053,Elijah,Davis,39,Engineering,84527.16,3,1.3,2018-09-03
EMP1142,Emma,Brown,43,Marketing,90692.09,0,1.9,2019-06-22
EMP1362,Liam,Moore,23,R&D,83419.46,19,4.4,2020-12-14
EMP0562,Liam,Gonzalez,45,Customer Support,110445.03,14,2.5,2019-07-28
EMP0746,Noah,White,46,R&D,96719.64,10,1.0,2018-01-05
EMP0222,Alice,Martin,37,Engineering,66411.89,3,4.2,2024-08-10
EMP0114,Elijah,Davis,47,Sales,76038.92,14,2.0,2020-12-07
EMP1109,Liam,Anderson,55,Marketing,65935.03,15,2.8,2023-01-19
EMP0592,Victor,Thompson,22,Marketing,49914.21,14,1.6,2019-01-06
EMP0175,Oscar,Taylor,32,R&D,107840.3,3,,2024-04-22
EMP0606,Emma,Thompson,42,Sales,88862.11,1,4.4,2019-08-22
EMP0495,Judy,Lee,38,Sales,59302.03,8,1.8,2021-11-09
EMP1189,Elijah,Harris,47,IT,70319.6,13,1.9,2021-05-12
EMP0019,Alice,Miller,42,R&D,63576.42,13,3.7,2022-09-12
EMP0998,Trent,Brown,44,Marketing,93950.53,4,3.6,2024-07-07
EMP0286,Trent,Brown,42,Marketing,46725.71,12,2.4,2022-04-10
EMP0882,Heidi,Moore,28,HR,91216.17,6,4.9,2021-11-24
EMP1269,John,Martin,45,Finance,71217.59,19,2.4,2019-05-15
EMP1210,Victor,Martin,51,Customer Support,86771.07,13,2.4,2022-09-26
EMP0032,Frank,Brown,30,Engineering,78951.99,12,4.9,2020-04-06
EMP1113,Alice,Garcia,59,Engineering,87444.14,9,4.7,2018-04-05
EMP0211,Trent,Jones,37,IT,77107.51,16,4.3,2020-06-02
EMP0985,Peggy,Moore,49,HR,86112.09,7,,2023-08-21
EMP1043,Oscar,Taylor,53,Finance,102213.17,14,4.9,2021-07-17
EMP0102,Frank,Lee,56,Marketing,68014.85,18,1.8,2020-01-13
EMP0429,Judy,Wilson,31,,68546.4,13,3.0,2023-02-24
EMP1211,Ivan,Brown,56,R&D,43037.51,7,3.7,2020-09-08
EMP0775,Noah,Wilson,52,Marketing,85224.05,0,1.8,2024-06-25
EMP0877,Diana,Wilson,23,Engineering,102849.31,9,3.6,2024-03-01
EMP0189,Grace,Martin,50,R&D,,2,2.5,2019-04-13
EMP0383,Olivia,Martinez,54,HR,77391.61,2,4.6,2023-12-13
EMP1328,Noah,Lopez,58,Customer Support,71336.07,10,3.3,2020-08-11
EMP0501,Jane,Anderson,23,R&D,89447.63,8,2.4,2020-01-24
EMP1032,Olivia,Taylor,24,IT,59745.5,19,4.1,2020-03-14
EMP0809,Charlie,Perez,47,Finance,81383.49,1,4.8,2024-06-24
EMP0917,Trent,Smith,52,Marketing,69824.08,15,4.6,2023-05-29
EMP0084,Peggy,Brown,56,Engineering,40205.72,17,3.8,2022-06-30
EMP0683,Liam,Garcia,32,Engineering,35000.0,14,2.3,2024-08-23
EMP0049,Bob,Brown,23,R&D,87270.36,9,4.8,2023-07-17
EMP1138,Sophia,Rodriguez,57,Sales,55113.01,15,2.2,2020-10-10
EMP0156,Liam,Moore,23,R&D,94281.74,18,4.5,2023-01-10
EMP0908,Victor,Williams,36,IT,83481.22,3,2.2,2022-03-25
EMP1411,Judy,Garcia,50,Marketing,38076.24,18,4.1,2018-02-23
EMP0430,Alice,Martinez,47,Customer Support,69983.34,10,4.5,2021-09-20
EMP1066,Trent,Martin,22,Marketing,97420.61,1,4.5,2021-11-10
EMP0821,Charlie,Hernandez,44,Finance,113023.81,12,2.1,2021-10-18
EMP1243,Judy,Gonzalez,50,Marketing,89883.84,18,2.6,2019-01-05
EMP1496,Ava,Davis,39,Engineering,89431.25,5,4.5,2023-09-26
EMP0535,Frank,Miller,27,IT,73346.39,7,1.9,2024-05-05
EMP0180,Ivan,Anderson,55,IT,68503.37,17,2.4,2018-08-11
EMP0426,Sybil,Gonzalez,29,HR,59864.1,16,4.2,2018-10-23
EMP1261,Liam,Brown,30,Sales,77117.89,12,3.8,2018-10-20
EMP0755,Charlie,Brown,57,Sales,90998.84,1,1.8,2023-05-29
EMP1027,Grace,Lee,53,HR,75024.11,1,4.8,2021-01-10
EMP0830,Ivan,Garcia,38,R&D,92900.77,16,2.5,2024-09-24
EMP0364,Jane,Thomas,50,Sales,98812.93,14,3.7,2020-06-19
EMP1190,Emma,Gonzalez,47,Customer Support,84327.17,6,1.4,2018-02-07
EMP1212,Ivan,Jones,39,HR,84243.45,12,1.4,2023-10-18
EMP0347,Grace,Hernandez,40,R&D,56213.29,5,,2018-01-24
EMP1095,Peggy,Martin,30,Sales,62646.96,18,1.4,2019-10-26
EMP0644,Liam,Jones,36,Customer Support,61637.12,18,3.8,2023-10-17
EMP0669,Heidi,Thomas,38,Finance,98747.72,0,4.6,2021-09-14
EMP1086,Victor,Lee,51,Sales,63344.83,10,4.5,2023-03-15
EMP0598,Ava,Williams,46,Customer Support,98294.79,0,4.4,2019-11-11
EMP0577,Victor,Gonzalez,41,Marketing,93271.69,1,3.5,2024-03-09
EMP1323,Oscar,Garcia,29,Sales,67320.57,13,3.1,2019-09-23
EMP0244,Eve,Gonzalez,54,Finance,83275.98,17,1.3,2022-04-25
EMP0818,Alice,Johnson,27,Sales,59079.48,16,,2020-05-28
EMP0627,Mallory,Jones,25,Customer Support,77453.41,7,3.8,2019-02-27
EMP0778,Romeo,Lopez,24,IT,94057.49,9,4.9,2023-10-30
EMP0906,Judy,Lee,57,Customer Support,80603.22,16,,2020-10-21
EMP0421,Romeo,Williams,23,Marketing,54061.78,13,1.8,2022-10-04
EMP1436,Peggy,Johnson,32,Engineering,80429.91,5,1.5,2020-03-02
EMP0555,Mallory,Taylor,33,R&D,65679.27,19,2.4,2023-06-18
EMP0309,Ava,Lee,46,Marketing,52932.67,18,2.9,2023-09-24
EMP1111,Grace,Thompson,58,Finance,81534.9,19,2.8,2019-11-17
EMP0399,Romeo,Brown,45,HR,62887.69,7,4.4,2021-03-04
EMP0371,Jane,Taylor,50,Marketing,51597.74,13,2.1,2024-02-03
EMP0055,Olivia,Rodriguez,55,HR,65336.27,16,1.1,2020-11-14
EMP0800,Mallory,Lopez,27,Finance,61151.58,14,3.5,2024-04-02
EMP0760,Noah,Martin,58,Engineering,109212.27,11,2.9,2019-02-05
EMP0313,Frank,Perez,57,Engineering,74878.58,5,2.9,2022-05-07
EMP0937,Victor,Lopez,33,Sales,59244.32,12,2.4,2024-03-21
EMP1209,Judy,Perez,52,Customer Support,66415.11,18,1.2,2018-11-21
EMP0110,Frank,Lopez,48,R&D,71073.0,18,1.7,2022-08-12
EMP0814,Romeo,White,57,R&D,88426.8,5,2.0,2020-07-30
EMP1440,Sophia,White,49,HR,,10,3.5,2020-01-03
EMP0101,Ava,Wilson,22,HR,68026.96,14,,2022-11-30
EMP1233,Mallory,Taylor,56,IT,92646.66,2,3.1,2024-01-01
EMP0681,Peggy,Taylor,37,Marketing,101342.3,11,2.3,2019-06-08
EMP1453,Noah,Taylor,55,Engineering,74528.96,18,2.1,2022-07-03
EMP0267,Noah,Moore,54,Marketing,75681.67,4,2.6,2019-06-28
EMP1327,Eve,Moore,27,Engineering,87134.46,17,2.3,2023-06-22
EMP0297,Judy,Lopez,43,Sales,121386.59,10,1.9,2021-04-23
EMP1352,Ivan,Hernandez,28,HR,73568.01,16,2.4,2023-04-03
EMP1238,Peggy,Jones,39,IT,73677.35,1,3.7,2021-01-07
EMP1341,Mallory,Moore,27,Sales,83790.02,12,2.5,2022-11-28
EMP0966,Noah,Martin,47,Marketing,67607.79,2,1.5,2022-03-01
EMP0378,Jane,Perez,37,Marketing,82836.08,14,4.4,2021-09-21
EMP0287,Frank,Jackson,53,Finance,72775.48,5,4.4,2019-08-19
EMP1454,Grace,Thomas,56,HR,71512.91,16,2.8,2023-08-30
EMP0742,Frank,Rodriguez,31,R&D,69809.07,9,4.0,2023-05-30
EMP0127,Eve,Anderson,28,Sales,87255.48,16,2.1,2023-05-28
EMP0328,Bob,Perez,46,Finance,74817.62,10,1.0,2020-03-03
EMP0293,Bob,Davis,52,Sales,53153.74,5,4.9,2021-03-19
EMP1354,Peggy,Lopez,52,Finance,67859.42,16,1.0,2024-09-18
EMP1041,John,Jones,55,HR,76198.65,19,1.0,2023-10-19
EMP1408,Jane,Jones,56,Finance,56515.34,5,3.9,2020-06-23
EMP0356,Oscar,Martin,22,Engineering,68258.28,8,3.5,2021-05-18
EMP0171,Emma,Johnson,53,Engineering,55172.15,5,3.6,2019-01-08
EMP0247,Mallory,Brown,35,Customer Support,,17,4.8,2020-10-13
EMP1019,Oscar,Taylor,53,Finance,71738.66,3,2.1,2021-02-19
EMP1345,Liam,Harris,49,Finance,74888.08,5,1.1,2023-07-01
EMP0210,Ivan,Martin,28,R&D,55633.11,19,4.2,2022-05-29
EMP0611,Bob,Lee,52,Marketing,53557.22,0,3.3,2023-06-21
EMP0528,Ivan,Jackson,22,Sales,94106.1,5,1.0,2021-07-25
EMP0141,Ava,Williams,48,HR,97110.52,10,2.5,2021-08-06
EMP1101,Romeo,Martinez,44,Sales,75010.56,12,3.3,2020-12-31
EMP1006,Judy,Jackson,40,Customer Support,85261.71,2,2.0,2020-08-29
EMP0661,Emma,Martinez,45,R&D,75484.39,16,4.1,2019-09-08
EMP1202,Diana,Gonzalez,36,Sales,67851.09,7,4.7,2022-06-05
EMP0933,Oscar,Martin,34,Finance,87761.02,4,4.3,2019-01-16
EMP1075,Jane,Garcia,26,Customer Support,48082.58,6,1.4,2024-01-15
EMP0533,Ava,Jackson,54,Marketing,60663.55,15,2.3,2024-07-20
EMP0200,Eve,Gonzalez,54,Engineering,52928.21,1,3.9,2018-07-07
EMP0905,Jane,Rodriguez,52,IT,74471.88,10,2.7,2024-06-12
EMP1228,Ivan,Johnson,34,Marketing,82112.27,10,2.3,2020-02-09
EMP1427,Emma,Jackson,36,R&D,49008.38,19,2.0,2018-11-16
EMP0529,Sophia,Moore,24,IT,76768.14,2,3.0,2023-06-14
EMP1252,Grace,Thomas,24,Customer Support,90812.51,19,2.1,2022-03-02
EMP0011,Emma,White,45,Customer Support,79167.66,12,1.7,2018-02-08
EMP0148,Charlie,Hernandez,58,Customer Support,59914.48,15,3.9,2024-03-04
EMP0984,Trent,Williams,47,IT,87904.31,13,3.1,2018-05-14
EMP0283,Ava,Martin,52,R&D,85775.12,7,2.2,2023-11-12
EMP0299,Victor,Harris,23,Customer Support,78840.98,2,,2024-01-26
EMP0630,Diana,Brown,55,Marketing,69952.93,5,2.2,2020-12-14
EMP0292,Eve,Thomas,46,HR,87182.76,0,1.5,2019-10-22
EMP1386,Alice,Jones,58,IT,105674.55,2,1.4,2019-03-29
EMP1301,Sophia,Wilson,25,HR,40483.87,7,2.4,2019-11-17
EMP1350,Sybil,Thompson,48,R&D,91982.04,9,1.6,2021-11-25
EMP0561,Judy,Martinez,33,R&D,74449.7,0,1.3,2021-02-23
EMP0553,Emma,Anderson,44,IT,81463.35,17,4.2,2022-01-09
EMP0130,Mallory,Miller,23,Engineering,113280.63,6,3.4,2019-09-01
EMP0979,Frank,Perez,27,R&D,96121.14,1,4.6,2018-08-10
EMP0332,John,White,36,Customer Support,91355.33,19,4.4,2018-11-02
EMP0324,Alice,Smith,23,Finance,59885.1,9,4.0,2024-08-07
EMP0692,Charlie,Moore,48,IT,67663.51,19,1.5,2020-11-23
EMP1416,Victor,Lee,53,HR,46007.1,0,2.7,2018-09-06
EMP1151,Grace,Jackson,30,Marketing,83769.51,19,1.5,2024-01-24
EMP0136,Frank,Hernandez,32,Sales,82299.22,16,2.0,2023-04-07
EMP0679,Elijah,Gonzalez,32,HR,54869.15,3,3.5,2020-09-25
EMP1413,Charlie,Lee,54,Engineering,,17,2.0,2023-07-06
EMP0737,Elijah,Anderson,56,HR,81639.61,2,1.9,2018-06-09
EMP0436,Oscar,Martin,57,Engineering,93556.8,19,1.8,2020-10-28
EMP0670,Frank,Miller,31,Marketing,,9,2.6,2019-04-10
EMP0866,Noah,Gonzalez,29,R&D,54446.5,6,1.1,2021-02-04
EMP0711,Peggy,Wilson,30,Engineering,86733.88,3,3.6,2024-07-14
EMP0799,John,Gonzalez,26,IT,66413.96,13,1.9,2024-03-11
EMP0159,Emma,Brown,38,HR,,8,2.1,2023-01-06
EMP1028,Ava,Williams,28,Finance,58658.23,12,,2020-08-23
EMP1308,Heidi,Thomas,50,HR,69969.22,11,4.9,2018-06-22
EMP0584,Sybil,Hernandez,39,Customer Support,92680.91,17,3.7,2022-05-27
EMP0353,Noah,Jones,30,Marketing,70731.14,10,1.9,2021-08-14
EMP1081,Alice,Jackson,56,Sales,92017.96,14,3.5,2023-06-20
EMP1311,Romeo,Johnson,46,R&D,109777.99,11,4.3,2024-09-08
EMP0545,Eve,Thompson,41,Sales,67555.86,19,3.2,2022-11-22
EMP0571,Diana,Hernandez,58,Finance,72996.92,14,2.9,2024-07-11
EMP0600,Ava,Moore,48,Sales,58794.95,8,2.2,2019-07-29
EMP1340,Sophia,Rodriguez,54,Sales,52996.92,19,1.5,2023-06-11
EMP0196,Heidi,Lee,40,Customer Support,,10,1.7,2024-02-22
EMP1349,Charlie,Thompson,57,IT,88910.76,5,3.0,2024-02-05
EMP0721,Peggy,Smith,36,Marketing,82012.6,19,2.1,2020-07-30
EMP0439,Olivia,Lopez,57,Marketing,105569.37,9,3.6,2024-06-13
EMP0411,Emma,Moore,58,Customer Support,84199.44,8,4.0,2023-10-06
EMP0097,Olivia,Jackson,56,Engineering,43868.36,9,1.2,2022-09-01
EMP1407,Sophia,Harris,57,IT,70391.99,5,1.2,2022-02-09
EMP0157,Diana,Rodriguez,24,IT,98789.41,18,2.2,2018-12-27
EMP0420,Olivia,Anderson,52,Finance,61862.11,14,2.9,2020-05-23
EMP0650,Eve,Garcia,59,IT,92055.47,1,1.7,2024-10-10
EMP0478,Charlie,Harris,33,IT,,9,3.2,2021-05-05
EMP0618,Ivan,Martinez,31,HR,116149.91,10,4.3,2020-04-26
EMP0950,Olivia,Davis,44,Marketing,114166.95,9,3.7,2020-09-18
EMP0951,Emma,Brown,22,R&D,50409.01,2,3.3,2020-12-23
EMP0448,Bob,Williams,53,Engineering,52935.83,7,1.8,2018-03-11
EMP0179,Liam,Thomas,26,HR,94635.31,12,2.7,2022-01-28
EMP0391,Romeo,Martinez,52,Customer Support,71541.08,3,,2020-09-25
EMP1305,Sybil,Taylor,32,R&D,65711.91,10,4.7,2022-06-10
EMP0652,Trent,Anderson,59,R&D,58072.87,4,2.9,2023-08-18
EMP1256,Peggy,Thomas,39,R&D,89615.28,18,2.0,2018-11-25
EMP0614,Sybil,Taylor,24,Engineering,93078.7,7,1.3,2020-12-18
EMP0583,Olivia,Jones,27,HR,35000.0,13,3.7,2022-02-07
EMP0701,Frank,Rodriguez,42,Marketing,83074.6,14,2.5,2020-06-06
EMP0880,Romeo,Martin,27,Marketing,80206.44,17,3.1,2024-07-15
EMP0827,Ivan,Thompson,22,Engineering,80342.53,14,4.7,2019-01-09
EMP0756,Frank,Johnson,43,R&D,42673.79,0,3.9,2022-04-11
EMP0715,Emma,Lopez,38,HR,77527.59,1,1.9,2019-11-18
EMP0295,Emma,Lopez,45,Marketing,99261.95,19,5.0,2019-08-23
EMP0552,John,Thompson,37,Engineering,39631.21,9,4.9,2022-12-30
EMP1374,Ivan,Anderson,45,Customer Support,47680.89,17,3.5,2018-09-17
EMP0089,Judy,Gonzalez,30,HR,65645.98,18,3.6,2023-05-13
EMP1143,Sophia,Johnson,26,IT,74614.79,18,1.4,2023-11-28
EMP0945,Peggy,Lopez,30,Sales,116481.65,13,2.0,2020-01-19
EMP0585,Bob,Williams,26,Marketing,89736.88,12,3.0,2020-07-03
EMP0671,Sophia,Lopez,38,IT,86592.66,17,2.2,2023-05-27
EMP1403,Heidi,Thompson,39,HR,81875.76,17,,2023-11-24
EMP0708,Oscar,Anderson,35,Sales,79023.19,17,3.5,2022-08-10
EMP0959,Eve,Brown,42,HR,96715.73,9,1.9,2019-05-07
EMP0291,Victor,Perez,39,Engineering,96826.2,10,4.5,2020-12-29
EMP1434,Liam,Wilson,41,Sales,56649.94,17,4.0,2022-04-28
EMP0706,Peggy,Williams,47,Sales,98753.59,14,,2019-11-30
EMP0349,Sophia,Jackson,47,Marketing,50806.11,10,1.9,2023-03-26
EMP0576,Olivia,Perez,54,R&D,82347.31,15,2.6,2018-05-31
EMP1428,Frank,Davis,50,Sales,91594.65,6,2.2,2020-06-03
EMP0702,Diana,Anderson,27,Marketing,74516.09,2,3.9,2023-01-14
EMP0842,Oscar,Hernandez,30,Finance,76537.04,17,3.3,2023-11-05
EMP0608,Olivia,Perez,49,Finance,67659.44,8,2.3,2022-01-09
EMP0459,Eve,Lee,38,Engineering,84819.5,3,3.5,2019-03-11
EMP0376,Sybil,Martinez,26,Finance,35000.0,0,2.1,2020-06-25
EMP0334,Elijah,Smith,54,IT,86156.21,18,3.2,2019-12-13
EMP1117,Oscar,Anderson,42,Customer Support,88409.61,12,2.8,2018-11-24
EMP1339,Noah,Davis,34,R&D,63833.96,13,1.7,2018-06-11
EMP0723,Ava,Brown,35,Marketing,87694.43,14,4.4,2022-04-28
EMP1405,Jane,Brown,50,Customer Support,75655.94,0,5.0,2020-11-14
EMP1263,Sophia,Jackson,45,Engineering,114528.81,19,,2023-04-10
EMP0329,Jane,Gonzalez,43,Sales,96717.91,1,2.5,2021-04-19
EMP0319,Victor,Thompson,33,Customer Support,80347.85,10,1.5,2020-10-26
EMP1166,Heidi,Taylor,33,IT,,15,4.7,2021-11-23
EMP0968,Oscar,Thompson,59,R&D,74414.74,5,4.4,2023-07-10
EMP0013,Oscar,Williams,43,Marketing,70056.45,6,3.8,2022-09-20
EMP0172,Ava,Jones,27,HR,35000.0,11,2.3,2024-10-10
EMP0261,Oscar,Wilson,29,R&D,67417.45,6,1.9,2024-03-17
EMP1474,Romeo,Perez,41,R&D,60684.8,12,4.5,2024-03-03
EMP0875,Bob,Williams,38,Engineering,95011.65,15,3.0,2018-10-09
EMP0810,Olivia,Lee,35,Marketing,101809.01,14,,2021-11-11
EMP0139,Oscar,Jackson,54,Sales,79021.98,16,1.7,2018-11-03
EMP0550,Frank,Johnson,22,IT,52607.65,12,4.2,2023-05-20
EMP0622,Oscar,Harris,42,Customer Support,102497.53,10,1.6,2023-04-08
EMP0860,Trent,Brown,35,HR,70837.66,1,4.0,2018-05-28
EMP1119,Diana,Hernandez,52,Customer Support,43924.82,9,2.2,2019-11-15
EMP0559,Elijah,Lopez,29,R&D,51601.66,3,2.8,2024-10-20
EMP0140,Grace,Miller,22,R&D,96013.09,16,4.2,2023-07-07
EMP1325,Peggy,Moore,47,Marketing,114913.35,8,1.3,2019-03-16
EMP0887,Noah,Hernandez,51,Finance,95650.92,5,4.3,2023-02-06
EMP0225,Alice,Anderson,45,Engineering,75977.2,9,2.9,2023-08-06
EMP1030,Elijah,Anderson,29,HR,93751.4,3,4.1,2022-11-06
EMP0410,Charlie,Taylor,54,Finance,59931.64,15,1.1,2021-08-05
EMP0326,Sophia,Jones,44,Marketing,57030.64,3,4.4,2024-10-07
EMP0300,Peggy,Rodriguez,48,IT,68817.67,12,3.1,2018-05-13
EMP0900,Sophia,Johnson,26,Customer Support,58882.6,5,4.1,2021-10-24
EMP1229,Grace,Jones,39,Customer Support,68738.84,15,2.0,2021-08-06
EMP0705,Sybil,Wilson,33,Finance,51419.2,11,2.0,2023-05-27
EMP1406,Ivan,Perez,33,IT,59830.09,12,2.4,2018-07-21
EMP1183,Alice,Brown,29,R&D,84964.43,13,3.1,2021-03-20
EMP0918,Bob,Jones,57,Sales,106972.94,10,4.1,2019-04-22
EMP0574,Jane,Brown,38,Sales,58462.39,4,1.4,2024-08-13
EMP0504,Sophia,Anderson,58,Engineering,67007.28,5,3.2,2020-03-06
EMP1329,Frank,Perez,34,Engineering,85690.11,14,3.1,2021-07-21
EMP0004,Ava,Lee,42,IT,74045.77,17,2.8,2022-04-07
EMP1176,Jane,Martin,52,Sales,62672.77,15,1.9,2019-09-30
EMP0468,Grace,Lee,33,Finance,86727.28,5,4.3,2018-05-07
EMP0322,Peggy,Hernandez,49,Customer Support,94840.85,15,4.7,2020-07-12
EMP0006,Frank,Martinez,44,Engineering,51832.71,4,4.7,2024-02-20
EMP0989,Heidi,Garcia,41,R&D,,16,4.0,2023-02-16
EMP0548,Heidi,Lee,36,Sales,105864.87,6,2.2,2019-07-05
EMP1230,Ivan,Thompson,54,HR,74985.83,2,3.5,2018-03-21
EMP0040,Diana,Perez,41,R&D,83483.32,3,1.4,2020-04-30
EMP0543,Trent,Brown,56,R&D,,16,1.8,2020-10-05
EMP0243,Noah,Anderson,57,Engineering,87675.54,1,2.8,2023-08-27
EMP0137,Ava,Davis,49,Finance,123068.31,6,2.3,2023-07-24
EMP1200,Peggy,Martinez,28,Finance,75136.0,12,4.7,2024-04-15
EMP0612,Ava,Perez,26,Sales,35000.0,12,1.8,2020-08-07
EMP0786,Victor,Taylor,41,Marketing,58135.07,14,3.0,2019-09-26
EMP1475,Emma,Harris,36,IT,88641.04,18,2.1,2020-11-06
EMP1080,Heidi,Hernandez,55,HR,78871.8,6,1.9,2023-09-22
EMP1381,Elijah,Moore,53,Customer Support,54412.57,19,2.3,2019-09-24
EMP0582,Victor,Martin,56,R&D,60055.77,17,3.5,2019-09-01
EMP1490,Liam,Thomas,34,Sales,70813.72,8,4.6,2020-06-27
EMP1085,Elijah,Johnson,31,Sales,80307.25,0,1.7,2021-03-19
EMP1404,John,Thomas,35,Finance,74026.95,6,,2024-08-14
EMP0377,Diana,Perez,33,R&D,64075.11,10,3.1,2020-05-23
EMP0315,Eve,Rodriguez,22,R&D,76636.59,17,4.3,2021-07-04
EMP0443,John,Davis,45,Engineering,67700.95,19,2.6,2022-05-09
EMP0320,Diana,Harris,44,Customer Support,,2,,2020-04-11
EMP0819,Liam,Lopez,31,IT,,13,3.2,2023-09-14
EMP0807,Diana,Davis,33,IT,68815.82,4,2.0,2020-11-05
EMP1259,Bob,Hernandez,22,Finance,66859.27,12,3.7,2020-12-27
EMP0425,Eve,Jackson,47,Finance,94920.95,16,1.1,2022-11-18
EMP0554,Eve,Anderson,32,Engineering,72047.95,16,3.4,2021-06-05
EMP0595,Sophia,Jones,32,HR,84328.6,9,4.8,2023-08-19
EMP0909,Emma,Perez,50,R&D,65523.21,16,3.2,2024-04-25
EMP0662,Liam,Harris,36,R&D,103244.41,8,2.5,2020-02-05
EMP0783,Heidi,Perez,52,HR,76508.67,12,2.5,2022-08-02
EMP1231,Bob,Hernandez,37,Sales,49991.85,19,1.1,2019-09-16
EMP0635,Oscar,Taylor,55,R&D,71390.4,8,3.1,2022-03-23
EMP0228,Elijah,Wilson,32,,61741.98,12,4.5,2018-07-18
EMP1387,Frank,Brown,50,HR,64283.97,14,4.6,2019-01-30
EMP0953,Ivan,White,42,Sales,65693.79,10,4.8,2020-07-27
EMP0995,Emma,Lopez,53,Customer Support,74625.82,3,4.4,2018-02-18
EMP1198,Sybil,Lopez,42,Finance,78694.81,1,2.1,2020-02-12
EMP0067,Liam,Hernandez,45,Sales,88046.46,15,2.8,2021-07-04
EMP0394,Olivia,Jones,53,IT,42728.77,11,2.8,2022-04-12
EMP0580,Sophia,White,50,IT,69577.53,6,4.8,2024-01-20
EMP1005,Ivan,Moore,37,Engineering,94062.5,4,1.5,2020-12-12
EMP0212,John,Williams,47,Finance,48319.49,2,4.2,2023-02-16
EMP1291,Charlie,Johnson,39,IT,81953.53,18,2.9,2021-05-08
EMP1492,Olivia,Davis,29,,122277.45,12,3.0,2021-07-13
EMP0537,Diana,Martin,42,Customer Support,105268.99,5,1.3,2022-02-01
EMP0728,Diana,Jones,45,Sales,112997.64,4,1.7,2023-11-12
EMP0673,Charlie,Jackson,45,Marketing,78887.69,7,4.3,2023-05-17
EMP0086,Judy,Davis,26,R&D,52606.6,16,4.8,2023-02-13
EMP1365,Trent,Lopez,50,Finance,35000.0,11,3.0,2023-02-03
EMP0273,Ivan,Perez,56,Engineering,35125.29,4,4.7,2021-12-13
EMP0931,Olivia,Jackson,33,Marketing,109650.3,18,3.8,2020-10-13
EMP0713,Sophia,Gonzalez,43,R&D,,15,3.5,2023-09-24
EMP1366,Sophia,Harris,33,IT,96943.05,1,1.9,2018-01-03
EMP0631,Olivia,Taylor,49,Customer Support,69163.77,4,2.1,2024-06-28
EMP1042,Noah,Wilson,56,R&D,80547.54,14,3.0,2023-12-28
EMP1415,Sybil,Thomas,36,R&D,73331.24,9,2.6,2023-04-02
EMP0005,Grace,Johnson,40,HR,74927.95,10,2.8,2019-05-22
EMP0274,Alice,Brown,38,Sales,82481.13,5,4.7,2024-04-22
EMP1309,Ava,White,30,Finance,63049.8,5,4.6,2024-07-08
EMP0363,Eve,Wilson,43,Customer Support,83738.76,0,4.1,2023-11-23
EMP0623,Charlie,Thomas,35,R&D,62080.72,6,2.1,2023-02-06
EMP0003,John,Lee,29,Finance,55660.48,3,3.4,2022-12-25
EMP0007,Frank,Anderson,32,Marketing,105067.97,14,4.9,2020-11-01
EMP0312,Bob,Martin,28,IT,124859.99,2,3.1,2022-04-12
EMP1235,John,Jones,51,Marketing,65599.16,14,3.5,2020-02-01
EMP0666,Elijah,Moore,50,Sales,83566.14,2,4.2,2019-04-30
EMP1478,Jane,Martin,35,IT,79788.09,7,1.7,2023-01-07
EMP1493,Grace,Smith,42,Engineering,59280.28,6,2.8,2018-03-30
EMP0216,Heidi,Lee,26,Sales,83809.49,6,3.6,2022-08-25
EMP0695,John,Taylor,40,Sales,107307.51,18,2.5,2022-07-19
EMP0028,Liam,Thomas,24,R&D,87703.44,9,5.0,2024-10-30
EMP1092,Elijah,Harris,30,HR,99722.61,9,4.6,2022-07-16
EMP1430,Romeo,White,32,Sales,,17,,2019-02-02
EMP1234,Sybil,Anderson,55,Marketing,,0,3.4,2018-04-01
EMP0639,Eve,Harris,26,R&D,66472.85,10,4.2,2018-11-15
EMP0766,Oscar,Moore,54,Finance,79767.38,6,,2018-12-10
EMP1467,Noah,Thompson,36,Customer Support,80884.48,9,3.5,2021-08-17
EMP0625,Victor,Davis,22,,,16,,2018-06-13
EMP1290,Oscar,Davis,56,R&D,73369.55,10,1.2,2023-05-26
EMP0257,Alice,Williams,43,Customer Support,108554.02,12,3.6,2023-09-30
EMP0026,Eve,Garcia,37,HR,82869.71,4,3.3,2023-08-01
EMP0337,Victor,Taylor,25,Engineering,53697.73,1,4.3,2022-03-26
EMP0573,Grace,Hernandez,48,Finance,57440.35,6,2.5,2022-07-18
EMP0048,Ivan,Moore,25,Engineering,77400.63,13,3.7,2024-06-09
EMP0107,Liam,Rodriguez,26,HR,95605.67,14,4.6,2023-06-02
EMP0350,Peggy,Martin,58,Engineering,86998.57,10,4.0,2019-09-27
EMP0056,Grace,Jackson,31,Marketing,106479.74,8,1.8,2020-08-04
EMP1246,Trent,Martinez,51,Sales,101426.08,2,1.5,2023-07-15
EMP0214,Judy,Rodriguez,22,R&D,81395.64,18,4.1,2021-10-16
EMP0121,Grace,Lopez,44,Sales,94960.2,0,1.1,2021-10-17
EMP1134,Alice,Hernandez,50,Finance,54956.25,11,4.3,2018-12-12
EMP0747,Heidi,Martin,38,Marketing,64280.73,4,2.6,2022-11-03
EMP0073,Alice,Anderson,46,Customer Support,84880.6,13,4.1,2019-07-21
EMP0793,Frank,Moore,59,Marketing,62547.01,15,2.8,2024-05-01
EMP0845,Frank,Gonzalez,56,Marketing,78373.09,3,1.5,2018-08-24
EMP0046,Eve,Smith,38,Customer Support,83726.47,4,4.4,2018-12-31
EMP1279,Trent,Jackson,31,Sales,35000.0,15,4.8,2020-05-03
EMP0524,Victor,Martin,49,R&D,74932.51,6,3.4,2019-02-14
EMP0883,Romeo,Martinez,29,Customer Support,90869.77,1,1.8,2021-02-06
EMP0944,Grace,Taylor,52,Finance,79784.94,8,2.6,2021-01-07
EMP1248,Peggy,Hernandez,41,Marketing,62991.53,11,1.4,2021-11-01
EMP0808,Peggy,White,22,Customer Support,,16,1.8,2021-06-10
EMP0534,Sophia,Lee,59,Sales,37669.27,5,3.0,2019-09-17
EMP1318,Trent,Perez,32,R&D,103031.97,19,3.5,2019-01-10
EMP0604,Victor,Jones,56,IT,76233.6,2,1.7,2024-05-08
EMP0466,Sybil,Lopez,33,Sales,61972.86,13,3.1,2022-04-12
EMP0899,Olivia,Anderson,31,Engineering,41331.24,19,3.5,2021-04-20
EMP1293,Eve,Thompson,45,Sales,61485.84,13,4.7,2022-01-16
EMP1108,Eve,Martinez,59,HR,72044.39,16,3.9,2023-11-04
EMP0963,Ivan,Thompson,47,Finance,80382.54,16,4.5,2024-01-27
EMP0061,Oscar,Perez,29,Engineering,108678.55,6,3.1,2018-07-25
EMP0901,Bob,White,31,Sales,94297.03,15,1.3,2019-04-25
EMP0093,Noah,White,54,Sales,76536.44,18,1.3,2019-06-27
EMP0667,Frank,Davis,25,Finance,71257.11,13,1.5,2020-08-01
EMP0788,Ava,Williams,32,Marketing,71482.28,16,3.5,2024-07-25
EMP0195,Liam,Anderson,24,IT,59920.71,10,1.2,2021-04-10
EMP0281,Oscar,Johnson,45,HR,86166.54,5,1.6,2022-09-27
EMP0696,Elijah,Brown,42,R&D,68553.59,2,4.9,2024-09-20
EMP0360,Charlie,Rodriguez,22,Marketing,78408.32,0,3.7,2022-01-06
EMP0520,Diana,Williams,47,Customer Support,86850.54,18,1.3,2021-09-17
EMP1050,Noah,Garcia,42,HR,65167.28,19,4.8,2022-06-20
EMP0781,John,Wilson,57,Finance,107799.29,5,2.3,2020-04-21
EMP0183,Victor,Taylor,32,R&D,47208.55,12,3.0,2021-09-21
EMP1037,Frank,Lee,24,IT,69709.7,18,1.0,2019-12-25
EMP0111,Emma,Miller,30,HR,,2,2.3,2022-12-11
EMP0043,Ivan,Lopez,29,Engineering,74512.91,19,2.7,2020-08-18
EMP1395,Bob,Taylor,38,R&D,97347.98,6,1.7,2019-03-15
EMP0205,Oscar,Thompson,46,HR,55207.44,8,3.5,2019-03-15
EMP0835,Elijah,Anderson,59,Engineering,69629.39,2,3.3,2020-06-27
EMP0053,Judy,White,39,Finance,82984.46,15,4.0,2018-11-04
EMP0546,Peggy,Williams,39,R&D,96774.97,8,,2021-02-07
EMP1008,Peggy,Anderson,22,R&D,85323.57,3,3.9,2023-04-15
EMP0910,Judy,Lee,29,Finance,74710.95,8,1.4,2023-06-04
EMP1378,Ivan,Thomas,51,R&D,77867.77,18,1.0,2023-11-17
EMP0765,Ivan,Martin,58,Customer Support,56452.94,8,1.6,2020-08-10
EMP0184,Diana,Jackson,37,IT,42092.03,14,,2024-04-13
EMP0138,Oscar,Jones,46,Customer Support,73847.62,0,1.7,2019-11-09
EMP0987,John,Martinez,28,Finance,71053.23,12,3.8,2022-06-01
EMP0081,Bob,Johnson,38,Sales,90433.97,4,2.4,2021-11-04
EMP1226,Peggy,Johnson,43,Engineering,84448.13,6,2.8,2021-01-19
EMP0106,Grace,Wilson,22,Engineering,83600.83,8,2.3,2019-06-20
EMP0542,Jane,Anderson,57,Sales,86641.95,11,4.3,2021-07-06
EMP0980,Noah,Hernandez,45,Engineering,79464.78,14,1.1,2023-11-24
EMP0481,Diana,Williams,57,Engineering,72230.88,12,4.9,2024-03-17
EMP0166,Peggy,Jackson,54,HR,75311.58,17,4.3,2022-08-16
EMP0249,Liam,Wilson,41,Marketing,94277.58,5,2.2,2022-06-18
EMP0308,Mallory,Perez,56,HR,85159.83,10,2.6,2020-08-31
EMP0447,Emma,Taylor,39,Marketing,116124.14,7,4.8,2021-07-19
EMP0758,Noah,Wilson,29,Engineering,53643.94,18,2.3,2024-08-09
EMP0335,Frank,Williams,29,Marketing,75207.05,10,3.1,2023-10-06
EMP0098,Liam,White,43,Customer Support,66437.7,10,3.8,2024-08-16
EMP0940,Grace,Harris,26,IT,65558.19,9,1.5,2021-07-09
EMP0738,Elijah,Martin,36,Customer Support,78809.99,7,3.1,2023-12-17
EMP1118,Alice,Miller,48,Sales,53562.86,8,3.2,2020-05-12
EMP1097,Heidi,Smith,25,Marketing,87315.42,7,3.1,2020-07-23
EMP0103,Diana,Brown,58,Marketing,68567.3,14,3.1,2022-04-05
EMP0435,Peggy,Garcia,50,Customer Support,62129.64,1,3.8,2019-12-31
EMP0075,Emma,Martinez,30,Marketing,63993.9,14,1.0,2021-09-08
EMP1356,Sybil,White,31,Marketing,86504.1,9,3.7,2019-10-19
EMP1146,Bob,Martin,41,Customer Support,85942.38,13,,2018-05-24
EMP1375,Emma,Lee,56,IT,99238.88,8,2.9,2024-01-17
EMP0303,Emma,Wilson,38,,89162.17,15,2.9,2019-02-24
EMP1278,Charlie,Johnson,50,HR,66584.76,18,3.0,2023-11-05
EMP1237,Oscar,Taylor,34,Customer Support,66265.61,16,3.3,2021-03-01
EMP0763,Victor,Brown,55,Engineering,76401.04,12,2.2,2020-11-08
EMP0734,Frank,Harris,44,Engineering,91948.43,14,1.7,2019-12-28
EMP0389,Romeo,Smith,57,Customer Support,66134.35,5,1.7,2022-12-31
EMP0236,Sybil,White,46,Engineering,99954.84,11,3.7,2019-12-13
EMP1260,John,Perez,36,Customer Support,88726.37,10,4.6,2022-05-27
EMP0268,Liam,Johnson,49,Customer Support,59600.54,19,,2019-12-30
EMP0306,Bob,Martin,50,Marketing,48375.34,2,2.7,2024-04-17
EMP0803,Emma,Smith,40,Sales,44905.59,12,1.1,2022-02-25
EMP0118,Sophia,Lopez,25,IT,35035.99,1,1.5,2024-06-19
EMP1300,Elijah,Jones,30,HR,84251.83,7,3.3,2018-03-03
EMP0674,John,Anderson,26,IT,67936.67,0,4.4,2020-05-13
EMP0250,Judy,Hernandez,29,Marketing,119210.46,14,4.1,2021-11-05
EMP1104,Olivia,Thomas,27,R&D,35000.0,2,3.1,2021-01-16
EMP1089,Sophia,Rodriguez,38,Engineering,103454.96,9,4.4,2021-10-13
EMP0072,Noah,Lee,22,R&D,82916.07,12,3.5,2018-02-09
EMP0095,Liam,Moore,45,HR,94925.34,1,2.0,2019-10-15
EMP0862,Bob,Wilson,25,Finance,37363.02,7,4.5,2020-09-06
EMP0034,Romeo,Williams,25,Sales,61216.24,19,3.0,2022-08-06
EMP1112,Emma,Johnson,46,Marketing,81009.49,5,2.2,2020-01-24
EMP0449,Charlie,Gonzalez,45,Marketing,70574.93,11,2.0,2022-05-15
EMP0446,Heidi,Gonzalez,57,Customer Support,,7,1.7,2022-11-09
EMP0772,Mallory,Thompson,51,Finance,88557.51,7,2.0,2020-02-14
EMP0717,Oscar,Gonzalez,57,Customer Support,54993.37,19,,2023-02-01
EMP0902,Sophia,Lopez,54,HR,107311.66,2,1.2,2023-10-04
EMP1156,Sophia,Garcia,38,Finance,63527.96,4,1.9,2024-01-18
EMP0916,Victor,Garcia,48,Sales,67599.78,19,3.0,2018-04-23
EMP1044,Charlie,Johnson,45,Sales,48823.59,19,2.1,2023-06-17
EMP0078,Heidi,Brown,29,Marketing,,16,2.7,2021-01-03
EMP0085,Liam,Brown,54,Finance,,0,3.4,2022-06-28
EMP1059,Trent,Miller,42,IT,74488.51,9,3.9,2021-10-02
EMP0083,Grace,Thomas,56,Engineering,97975.31,11,3.9,2019-04-12
EMP0458,Olivia,Taylor,51,IT,107146.91,12,3.0,2023-08-22
EMP0934,Elijah,Jones,39,Engineering,85016.89,14,2.6,2022-06-23
EMP0677,Trent,Martinez,23,Customer Support,78369.22,15,1.2,2022-08-11
EMP1000,Sybil,Jones,53,Customer Support,,13,,2021-08-25
EMP1409,Heidi,Smith,33,Finance,92803.97,11,3.1,2024-10-17
EMP0437,Noah,Anderson,46,IT,76140.26,17,2.8,2024-04-04
EMP0771,Victor,Davis,25,Sales,35000.0,0,2.8,2020-11-21
EMP0645,Ivan,Garcia,58,HR,112465.96,6,4.6,2022-07-21
EMP0837,Grace,Martinez,51,HR,35000.0,11,1.1,2018-11-24
EMP1174,Alice,Martinez,40,Engineering,79614.02,2,5.0,2022-08-16
EMP1207,Alice,Rodriguez,50,HR,46520.86,2,3.8,2020-06-22
EMP0405,Noah,Jones,41,Finance,89841.91,10,4.4,2022-12-31
EMP1319,Judy,Thomas,55,Sales,88009.0,3,1.9,2021-10-18
EMP0949,Romeo,Rodriguez,32,HR,97019.19,1,4.8,2020-08-19
EMP1007,Noah,Lopez,39,IT,89501.92,14,3.3,2021-01-08
EMP0105,Mallory,Martin,24,R&D,82638.71,10,2.8,2018-04-29
EMP0610,Emma,Williams,26,Finance,76722.88,11,3.2,2020-06-15
EMP0846,Liam,Moore,56,Engineering,83838.81,12,4.2,2019-12-19
EMP0689,Trent,Lee,24,R&D,91812.4,2,,2019-08-25
EMP0964,Grace,Anderson,56,Marketing,68136.15,18,1.4,2018-06-23
EMP0947,Elijah,Hernandez,35,Customer Support,35000.0,19,4.2,2023-08-06
EMP0063,Mallory,Thomas,44,R&D,96573.62,4,1.7,2019-12-17
EMP0282,Charlie,Martinez,50,HR,76520.11,13,3.4,2018-02-22
EMP0779,Mallory,Davis,52,Customer Support,107245.57,14,4.4,2018-01-30
EMP1445,Diana,Jackson,41,Sales,44377.85,1,4.3,2024-06-19
EMP0239,Eve,Anderson,39,Engineering,58293.06,10,2.2,2022-05-06
EMP0224,Trent,Martinez,41,Marketing,85865.96,4,3.4,2019-07-06
EMP0146,Judy,Miller,48,Engineering,52073.09,8,4.3,2023-09-08
EMP1443,Emma,Smith,37,R&D,70412.19,3,2.6,2022-08-28
EMP0374,Trent,Wilson,26,Finance,90183.1,17,2.6,2019-01-12
EMP1382,Trent,Rodriguez,55,Customer Support,47946.59,10,4.2,2021-03-05
EMP0119,Ivan,Moore,51,HR,93326.55,18,3.3,2024-05-03
EMP1139,Sophia,Anderson,56,Customer Support,35000.0,19,2.1,2021-03-09
EMP0251,Peggy,Perez,28,Sales,63850.16,2,4.2,2021-04-19
EMP0971,Eve,Brown,39,IT,39539.35,14,1.4,2023-07-04
EMP1222,Mallory,Martin,44,Sales,71181.92,0,3.3,2021-04-01
EMP0907,Oscar,Johnson,45,IT,58807.93,3,2.8,2022-12-19
EMP0010,Bob,Lopez,57,Sales,75537.72,10,3.7,2020-04-21
EMP0450,Grace,Martinez,44,Finance,69463.73,7,4.9,2019-04-30
EMP1456,Heidi,Taylor,45,Engineering,67609.46,12,1.7,2019-10-10
EMP0709,Frank,Lopez,47,Sales,80665.76,19,4.4,2024-09-27
EMP0256,Frank,Thomas,43,Finance,107782.34,13,3.5,2024-10-03
EMP0594,Sybil,Gonzalez,53,Marketing,,19,4.4,2022-01-30
EMP0390,Frank,Miller,55,IT,57303.95,1,2.7,2020-09-11
EMP1343,Emma,Davis,40,HR,84155.46,13,,2021-04-22
EMP1214,Bob,Gonzalez,35,Finance,47736.52,2,1.6,2021-03-12
EMP0558,Alice,Garcia,37,Customer Support,64345.98,16,4.0,2019-12-21
EMP1303,Ivan,Miller,58,HR,98882.19,14,3.0,2024-07-22
EMP1157,Heidi,Thomas,22,Finance,,17,2.8,2019-12-27
EMP0461,Ivan,Taylor,46,Marketing,88257.63,3,2.9,2021-05-19
EMP0724,Sybil,Thompson,47,Customer Support,97194.0,13,3.7,2019-06-26
EMP0681,Peggy,Taylor,37,Marketing,101342.3,11,2.3,2019-06-08
EMP0145,Mallory,Jackson,29,R&D,107668.63,15,1.3,2018-07-26
EMP0502,Heidi,Williams,26,Customer Support,67543.34,11,1.3,2020-06-23
EMP1357,Peggy,Rodriguez,53,Engineering,85013.31,9,1.9,2018-10-10
EMP0740,Trent,Williams,58,Engineering,66290.27,7,4.0,2019-04-27
EMP1400,Peggy,Brown,22,Marketing,80205.61,11,3.7,2024-05-27
EMP0732,Grace,Thompson,28,HR,72592.38,15,1.7,2024-10-16
EMP0540,Bob,Jones,32,Customer Support,112081.85,9,2.0,2019-11-22
EMP0178,Elijah,Williams,45,Customer Support,120048.72,16,1.8,2021-10-28
EMP1462,Mallory,Garcia,29,HR,102629.08,14,3.7,2024-03-03
EMP0698,Bob,Williams,39,HR,105426.32,2,4.2,2018-03-18
EMP1452,Victor,Moore,36,Engineering,54606.71,6,3.6,2024-03-02
EMP1058,Heidi,Rodriguez,44,Sales,64820.73,8,1.4,2023-01-17
EMP0890,Romeo,Martinez,50,HR,,3,,2018-01-20
EMP1320,Ivan,Taylor,45,R&D,44938.39,10,3.2,2018-09-03
EMP0745,Alice,Moore,47,HR,56291.23,7,3.8,2024-01-18
EMP0008,Charlie,Johnson,32,R&D,92547.25,17,4.2,2023-04-28
EMP1253,Oscar,Thompson,35,Finance,35597.92,8,5.0,2023-03-15
EMP0668,Emma,Martinez,31,Sales,94714.6,7,1.3,2022-08-26
EMP1173,Peggy,Johnson,45,Marketing,75417.73,5,3.6,2022-02-07
EMP0358,Noah,Perez,53,Customer Support,68950.61,9,2.8,2024-06-03
EMP0784,Elijah,Perez,27,Engineering,,15,2.2,2022-01-23
EMP0736,Grace,Thomas,59,HR,73189.33,17,2.3,2024-09-22
EMP0330,Liam,Williams,43,Customer Support,84493.96,9,3.3,2023-01-13
EMP1064,Jane,Lee,39,Marketing,78047.1,2,3.0,2024-04-02
EMP1161,Heidi,Martinez,24,Engineering,78295.22,5,4.3,2024-04-29
EMP1129,Heidi,Harris,49,Marketing,68427.63,1,3.0,2023-11-17
EMP0259,John,Williams,59,IT,86379.66,6,4.4,2024-02-22
EMP1188,John,Lopez,36,Sales,49848.44,12,3.4,2023-05-09
EMP0373,Romeo,Lopez,49,Customer Support,85829.25,19,4.5,2022-07-11
EMP1115,Frank,Wilson,44,Customer Support,95782.24,7,3.6,2020-08-19
EMP0941,Ivan,Williams,58,Customer Support,35414.0,13,4.5,2021-12-19
EMP0143,Victor,Moore,24,Finance,87774.6,14,3.4,2021-09-17
EMP0526,Diana,Gonzalez,49,Finance,65935.44,12,4.6,2018-10-13
EMP1150,Charlie,Hernandez,55,Engineering,89363.71,4,,2023-03-29
EMP1023,Eve,Jackson,55,HR,59151.6,4,4.3,2019-06-22
EMP1133,Peggy,Brown,47,IT,75818.38,8,2.0,2019-09-29
EMP1439,John,Garcia,38,Finance,82813.92,11,1.1,2024-05-23
EMP0441,Liam,Wilson,58,IT,85765.92,14,3.7,2020-11-25
EMP0532,Emma,Anderson,46,Finance,71126.81,1,1.2,2021-06-06
EMP1215,Diana,Lopez,52,Marketing,78794.12,4,3.9,2023-12-19
EMP0227,Oscar,Martin,45,Customer Support,60960.17,9,4.7,2023-12-13
EMP1214,Bob,Gonzalez,35,Finance,47736.52,2,1.6,2021-03-12
EMP0229,Charlie,Brown,29,HR,46947.89,10,4.1,2024-03-16
EMP1432,Frank,Johnson,23,R&D,105758.64,6,4.9,2020-08-04
EMP1313,Emma,Jones,33,Marketing,76706.36,18,2.0,2022-03-02
EMP0213,Bob,Jones,23,R&D,62972.65,4,2.3,2020-02-20
EMP0886,Mallory,Williams,54,Sales,41750.16,4,2.5,2020-03-07
EMP0080,Frank,Johnson,32,Customer Support,67587.71,1,2.6,2022-03-07
EMP0149,Sybil,Harris,54,Sales,73717.23,8,4.1,2022-03-31
EMP0815,Romeo,Harris,34,IT,79263.93,17,3.5,2023-01-04
EMP0919,Victor,Martin,57,R&D,86218.39,12,2.9,2020-11-22
EMP1192,Romeo,Johnson,31,Sales,73480.98,14,3.4,2021-04-14
EMP0672,Eve,Perez,41,Finance,81515.93,15,3.9,2023-05-16
EMP1168,Mallory,Davis,58,Customer Support,58430.06,0,1.7,2024-01-20
EMP0556,Ivan,Taylor,31,Sales,43105.94,19,3.2,2024-03-09
EMP0923,Noah,Jones,41,Marketing,98462.49,11,1.2,2020-07-30
EMP0134,Grace,Smith,41,Customer Support,84913.64,2,3.4,2019-10-05
EMP1120,John,Martin,27,,91357.79,14,2.8,2022-06-15
EMP0824,Jane,Harris,34,HR,44725.71,14,1.5,2019-10-21
EMP0409,Mallory,Davis,54,Customer Support,75640.08,14,,2020-02-28
EMP0369,Ava,Miller,58,R&D,47662.43,16,2.3,2019-10-15
EMP0508,Emma,Jackson,22,Marketing,39783.82,15,4.4,2018-08-11
EMP1363,Charlie,Gonzalez,35,Marketing,84840.38,0,4.3,2024-01-28
EMP0505,Jane,Lee,59,HR,79493.69,18,,2019-04-15
EMP1348,Jane,Miller,46,Customer Support,67258.01,19,2.7,2020-02-04
EMP0348,Sophia,Harris,49,Customer Support,72118.25,13,3.8,2021-09-15
EMP0387,Mallory,Martin,31,Finance,74453.91,4,1.5,2019-04-15
EMP0001,Liam,Lee,50,Finance,90716.0,5,2.8,2019-04-20
EMP0361,Eve,Anderson,37,HR,78211.48,6,4.3,2018-10-26
EMP0895,Noah,Garcia,54,Marketing,101206.17,7,3.8,2019-03-13
EMP0829,Peggy,Lee,30,Engineering,43376.19,2,2.2,2023-04-16
EMP1431,Charlie,White,53,Marketing,91375.55,2,3.4,2019-02-19
EMP0476,Ivan,Martin,26,R&D,39784.74,0,4.3,2021-04-23
EMP1296,Ava,Smith,56,Customer Support,53283.5,16,1.8,2019-04-08
EMP0058,Jane,Lee,35,Customer Support,45712.5,18,2.1,2021-04-27
EMP0638,Heidi,Hernandez,22,Marketing,59964.18,18,4.2,2024-08-04
EMP1322,Elijah,Hernandez,59,IT,55038.79,6,1.8,2021-12-27
EMP1062,Ivan,Rodriguez,57,Sales,66814.35,18,3.9,2022-01-15
EMP0969,John,Thomas,23,Sales,97521.01,11,1.2,2024-06-11
EMP0173,Bob,White,53,HR,62220.77,14,1.2,2021-06-01
EMP0451,Bob,White,53,HR,81148.13,10,3.9,2023-12-31
EMP0126,Ivan,Brown,53,Engineering,54201.88,15,3.6,2020-10-15
EMP1435,Grace,Garcia,43,IT,95353.23,11,3.0,2020-02-16
EMP0531,Sophia,Johnson,49,HR,52166.22,12,3.3,2021-09-06
EMP0858,Frank,Hernandez,26,Engineering,77171.19,12,2.2,2020-08-06
EMP0714,Peggy,Taylor,51,IT,48080.41,0,,2020-12-19
EMP0091,Emma,Lopez,33,R&D,74061.59,9,2.3,2019-11-15
EMP1466,Heidi,Rodriguez,29,Marketing,80269.74,18,4.8,2022-10-30
EMP0182,Heidi,Lopez,43,Customer Support,120818.85,12,1.2,2023-02-05
EMP0876,Elijah,White,54,IT,61587.6,2,4.4,2019-01-05
EMP1024,Eve,Williams,54,Sales,68840.77,3,1.6,2024-06-16
EMP0787,Oscar,Lopez,49,Customer Support,118418.85,16,2.6,2022-10-12
EMP0415,Ivan,Gonzalez,54,Sales,67693.57,4,1.7,2024-01-13
EMP0252,Sybil,Rodriguez,24,HR,47603.94,5,4.9,2023-01-29
EMP0070,Romeo,Lee,50,IT,102601.83,14,3.3,2019-01-25
EMP0804,Sophia,Lopez,41,Finance,90201.12,16,1.9,2024-04-09
EMP0132,Peggy,Lee,49,Customer Support,79348.66,4,3.5,2018-08-12
EMP0301,Ava,Jackson,23,Customer Support,77670.82,2,1.7,2022-01-09
EMP1034,Bob,Jones,44,Sales,,3,3.6,2019-09-05
EMP0327,Oscar,Jackson,43,Marketing,75563.62,18,2.0,2020-03-15
EMP1480,Ava,Gonzalez,38,IT,84440.05,14,2.8,2018-01-01
EMP1125,Trent,White,31,R&D,51211.76,17,4.6,2024-02-25
EMP0500,Charlie,Jones,48,HR,66250.83,15,3.9,2019-10-22
EMP0342,Jane,Hernandez,37,Marketing,85593.86,17,1.9,2020-12-18
EMP0833,Mallory,Thompson,36,Sales,107244.41,19,4.8,2018-09-20
EMP0365,Romeo,Martin,24,Sales,93991.08,7,1.1,2020-01-24
EMP0496,Romeo,Martin,59,Sales,87965.61,7,2.6,2020-05-17
EMP1410,Judy,Moore,28,R&D,95704.99,7,1.9,2018-10-18
EMP0339,Trent,Gonzalez,53,R&D,62809.76,4,3.9,2022-10-22
EMP0422,Bob,Hernandez,56,Customer Support,85733.06,19,1.5,2019-03-02
EMP0165,Olivia,Davis,53,HR,71538.56,7,4.5,2022-07-11
EMP0029,Noah,Martinez,58,,95991.05,17,1.2,2020-03-29
EMP0517,Ava,Johnson,40,R&D,116230.07,16,2.0,2020-03-19
EMP0194,Bob,Martinez,47,IT,,10,2.3,2021-12-25
EMP0988,Alice,Martinez,38,Finance,71974.53,10,1.8,2019-12-17
EMP1377,Mallory,White,40,Engineering,67614.46,7,2.1,2020-02-17
EMP0946,Frank,Gonzalez,50,Engineering,56612.31,2,2.4,2020-02-18
EMP1376,Oscar,Rodriguez,27,Sales,80225.01,2,,2022-05-07
EMP0170,John,Rodriguez,47,Finance,58060.77,7,,2018-01-01
EMP0168,Grace,Smith,40,HR,46198.98,15,3.9,2024-04-01
EMP0653,Sophia,Johnson,55,IT,62129.0,18,1.1,2019-07-24
EMP0174,Emma,Wilson,25,Marketing,48538.2,7,1.6,2023-09-14
EMP0519,Frank,Martinez,31,Customer Support,95481.25,5,2.1,2023-06-19
EMP1227,Alice,Johnson,46,Customer Support,104682.32,14,3.7,2023-07-09
EMP1194,Elijah,Johnson,28,Engineering,78035.16,16,4.4,2020-08-05
EMP0913,Liam,Taylor,25,HR,,5,4.2,2023-02-23
EMP0492,Charlie,Perez,33,R&D,62804.34,6,2.5,2018-12-15
EMP0954,John,Garcia,47,Marketing,72881.03,12,4.2,2020-04-10
EMP0074,Jane,Thompson,28,Customer Support,80213.48,19,5.0,2019-11-30
EMP1472,Grace,Martinez,45,Finance,58363.56,14,4.0,2020-05-26
EMP0588,Eve,Jones,31,Engineering,85318.78,16,1.1,2019-07-03
EMP0751,Ivan,Harris,25,Sales,70530.68,5,4.0,2018-06-27
EMP0658,Alice,Davis,55,Engineering,83471.98,3,3.9,2023-10-09
EMP0843,Jane,Martinez,55,Marketing,70502.88,0,2.0,2021-03-19
EMP0235,Grace,Moore,56,IT,69101.01,1,1.2,2024-06-27
EMP0733,Elijah,Jones,24,Finance,35000.0,11,3.2,2019-01-30
EMP0215,Sophia,Martin,33,R&D,43140.13,11,1.6,2019-03-18
EMP0163,Mallory,Smith,44,Engineering,71998.89,10,3.7,2018-03-14
EMP0133,Charlie,Martin,49,IT,92401.35,16,4.2,2018-02-17
EMP1160,Romeo,Thomas,56,Marketing,45649.49,11,2.5,2023-02-14
EMP0223,Ava,Taylor,24,Engineering,77445.95,9,1.3,2023-08-28
EMP1241,Eve,Hernandez,56,Engineering,67833.2,7,4.5,2018-02-03
EMP0935,Trent,Perez,46,HR,38978.85,19,2.8,2021-11-01
EMP0186,John,Anderson,30,Finance,123795.05,9,3.5,2023-04-22
EMP0042,Victor,Moore,28,R&D,63526.0,9,4.1,2021-09-16
EMP0693,Liam,Brown,50,Marketing,67164.84,7,2.0,2020-01-08
EMP0109,Oscar,Thompson,35,Customer Support,69819.16,0,3.8,2019-04-08
EMP0039,Sophia,White,23,HR,68593.05,0,3.4,2023-07-27
EMP0569,Bob,Lee,49,Finance,90321.61,7,1.5,2023-09-09
EMP1010,Heidi,Jones,23,IT,83638.45,13,3.4,2022-02-07
EMP1282,Sybil,Taylor,24,IT,83085.9,11,2.7,2021-07-02
EMP1457,Eve,Anderson,33,IT,72370.55,4,3.5,2023-12-27
EMP0484,Oscar,Lee,35,IT,57989.59,18,4.7,2019-05-20
EMP0469,Jane,Jones,30,IT,99765.66,9,3.8,2023-04-26
EMP0891,Noah,Anderson,59,Customer Support,52885.91,5,1.2,2020-12-05
EMP0948,Peggy,Lee,43,R&D,69279.92,15,3.5,2020-03-28
EMP0025,Oscar,Rodriguez,49,HR,88964.47,15,3.6,2019-03-12
EMP1025,Ava,Jones,44,Marketing,37127.71,12,4.0,2020-07-25
EMP1206,Trent,Moore,44,Customer Support,105668.67,0,4.0,2022-03-30
EMP0069,Judy,Davis,46,Customer Support,104530.81,8,3.5,2019-04-20
EMP0885,Mallory,Brown,50,Engineering,,12,1.3,2024-10-19
EMP1280,Noah,Thomas,55,Finance,78978.96,6,2.2,2023-04-21
EMP0367,Oscar,Wilson,47,Finance,35000.0,17,1.2,2018-10-07
EMP0506,Judy,Martinez,40,HR,93651.82,6,3.2,2020-01-13
EMP0851,Elijah,Lee,32,Marketing,89164.29,14,4.4,2023-10-24
EMP1331,Mallory,White,26,HR,68586.65,0,1.4,2021-11-23
EMP0384,Alice,Johnson,51,R&D,55538.62,12,1.3,2023-04-30
EMP0735,Liam,Thompson,39,Finance,64293.44,3,1.3,2023-05-04
EMP0718,Olivia,Williams,22,R&D,61445.1,16,4.5,2024-09-09
EMP1351,Romeo,Thomas,59,Finance,69120.66,6,2.7,2021-08-18
EMP0455,Charlie,Harris,44,Customer Support,,6,3.8,2018-07-06
EMP0265,John,Lopez,42,Marketing,62014.45,5,3.7,2021-04-05
EMP0076,Frank,Lee,45,Sales,61567.53,15,3.9,2022-01-04
EMP0915,John,Perez,23,Marketing,73232.74,0,2.0,2024-07-31
EMP0233,Oscar,Lee,56,HR,60631.85,7,4.4,2023-09-14
EMP0445,Oscar,Jackson,56,IT,54103.82,4,1.9,2022-07-15
EMP0396,Victor,Rodriguez,26,Sales,70813.53,10,4.2,2022-04-30
EMP0177,Grace,White,59,HR,61236.99,19,1.1,2023-02-12
EMP1326,Ivan,Hernandez,39,Finance,137198.37,12,4.3,2019-05-31
EMP1417,Romeo,Miller,32,Marketing,56562.8,9,3.1,2022-01-18
EMP1048,Oscar,Martinez,25,Engineering,99778.93,17,2.7,2024-05-14
EMP0596,Oscar,Martin,42,HR,74287.17,11,3.0,2018-02-13
EMP0062,Bob,Davis,35,Marketing,65822.31,8,1.3,2019-02-13
EMP0873,Ava,Taylor,54,HR,51127.26,6,2.2,2023-10-22
EMP1132,Noah,Moore,57,Engineering,71744.14,7,4.2,2020-12-11
EMP1422,Diana,Lee,50,Sales,78536.42,11,1.1,2020-12-24
EMP0279,Trent,Wilson,56,Marketing,60899.76,17,1.6,2023-12-27
EMP0037,John,Davis,30,R&D,61971.64,3,3.5,2018-06-11
EMP0663,Olivia,White,51,Engineering,73407.17,3,,2019-10-07
EMP1367,Grace,Jones,23,Finance,65423.25,3,1.3,2023-09-04
EMP1099,Victor,Lee,50,IT,72211.07,10,2.6,2021-07-21
EMP0978,Elijah,Williams,28,Customer Support,137754.97,6,1.1,2019-06-10
EMP0739,Sybil,Smith,46,Finance,89189.04,2,1.4,2023-08-24
EMP0192,Diana,Perez,57,IT,80623.83,3,1.6,2018-01-09
EMP0920,Judy,Perez,47,R&D,69090.39,9,4.8,2018-10-04
EMP0457,Heidi,Williams,56,Sales,70026.18,3,4.3,2022-01-05
EMP0676,Frank,Harris,27,Engineering,69091.97,7,4.4,2019-10-23
EMP0761,Eve,Anderson,27,Finance,72911.02,11,3.7,2022-10-09
EMP1446,Alice,Martin,27,Customer Support,85285.1,1,3.9,2022-01-06
EMP0729,Ava,Johnson,23,HR,,5,1.4,2023-08-28
EMP0413,Heidi,Lopez,24,Marketing,115267.74,18,4.5,2019-01-29
EMP0826,Mallory,Anderson,41,Engineering,43317.28,10,2.2,2018-01-22
EMP0617,Victor,Lopez,58,Sales,87383.09,0,2.1,2018-06-25
EMP0115,Jane,Lopez,34,Finance,,9,1.4,2021-07-11
EMP0418,John,Wilson,34,,55567.72,14,1.6,2018-09-26
EMP1444,Oscar,Martinez,58,Marketing,74130.46,16,4.6,2019-03-09
EMP0970,Sybil,Miller,28,Marketing,73972.13,10,2.1,2021-01-30
EMP0605,Alice,Perez,22,Finance,83576.33,10,1.4,2024-05-06
EMP1450,Heidi,Anderson,22,R&D,68318.46,15,3.5,2019-11-15
EMP0090,Eve,Anderson,29,HR,81930.08,13,1.8,2022-09-24
EMP0849,Liam,Johnson,50,Engineering,73028.24,4,2.2,2018-02-13
EMP1158,Olivia,Taylor,46,Finance,105980.4,13,4.6,2024-08-17
EMP1449,Romeo,Martinez,24,Customer Support,97487.07,9,1.6,2019-03-03
EMP0754,Charlie,Martinez,39,IT,68936.4,15,3.1,2020-07-28
EMP0499,Victor,Hernandez,30,Engineering,57250.16,12,4.4,2019-08-07
EMP0012,Ava,Jones,24,Finance,35000.0,3,1.2,2021-05-18
EMP0397,Emma,Martinez,25,Finance,61618.55,19,3.9,2020-11-16
EMP0285,Romeo,Lopez,54,Engineering,78387.22,7,1.3,2018-04-14
EMP1067,Bob,Moore,26,IT,75004.14,19,4.5,2018-03-23
EMP0691,Frank,Lopez,24,Engineering,70221.36,8,4.4,2019-11-13
EMP1244,Olivia,Martin,37,Customer Support,71375.52,0,4.8,2019-09-10
EMP1419,Sophia,Martinez,47,Finance,79145.35,11,4.6,2022-08-31
EMP0690,Mallory,Thomas,53,Engineering,85934.67,9,2.8,2018-08-18
EMP0852,John,Miller,58,R&D,79664.32,14,2.9,2021-03-17
EMP0160,Victor,Perez,23,Engineering,89023.45,12,2.3,2021-07-18
EMP0896,Elijah,Thompson,25,Sales,102913.68,8,3.1,2024-04-07
EMP1203,Romeo,Taylor,28,Marketing,71392.17,13,4.9,2020-10-20
EMP0258,Ivan,Williams,51,Marketing,63928.24,3,2.2,2021-05-09
EMP0336,Diana,White,26,Marketing,48763.28,13,2.1,2019-05-04
EMP1423,Alice,Johnson,25,Sales,64066.4,0,1.6,2023-12-07
EMP1040,Heidi,Harris,29,Sales,50214.83,5,3.0,2019-07-05
EMP0516,Olivia,Johnson,52,Finance,115121.86,16,3.9,2019-02-07
EMP1016,Ivan,Thompson,29,IT,96403.0,19,4.6,2022-03-05
EMP0769,Jane,Taylor,27,Customer Support,78791.63,19,4.8,2024-02-06
EMP1332,Frank,Perez,34,HR,110904.23,3,2.7,2022-12-02
EMP0762,Alice,Williams,47,HR,71623.57,6,2.6,2019-07-03
EMP1114,Diana,Anderson,33,Engineering,52223.34,9,1.5,2019-05-28
EMP0522,Sophia,Williams,24,IT,63976.29,13,3.9,2019-06-10
EMP0023,Olivia,Taylor,46,Customer Support,76192.61,5,4.1,2021-03-03
EMP0357,Emma,Johnson,55,Finance,62731.95,8,1.3,2023-07-03
EMP1287,Trent,Gonzalez,30,R&D,39428.25,10,4.1,2023-11-04
EMP0341,Mallory,Anderson,56,Finance,76133.0,11,3.9,2024-03-29
EMP0432,Judy,Gonzalez,28,R&D,86124.6,17,4.0,2018-12-25
EMP0474,Jane,Miller,40,R&D,127033.66,15,4.7,2022-05-21
EMP0218,Jane,Moore,53,Sales,86049.8,5,1.1,2024-08-08
EMP0912,Sybil,Lopez,50,Marketing,75128.45,4,3.3,2021-10-23
EMP1218,Noah,Lopez,55,Sales,75382.96,1,3.0,2020-02-10
EMP1012,Frank,Williams,51,Customer Support,90085.83,18,3.1,2023-08-05
EMP1474,Romeo,Perez,41,R&D,60684.8,12,4.5,2024-03-03
EMP0094,Emma,Thompson,44,Finance,49340.16,3,4.3,2018-08-29
EMP1009,Grace,Moore,35,R&D,62170.37,14,1.5,2021-11-06
EMP1071,Alice,Garcia,24,Finance,91501.97,16,3.9,2024-10-16
EMP1093,Sybil,Jackson,23,Marketing,76773.15,3,4.4,2018-10-20
EMP0697,Elijah,Martinez,26,Marketing,99343.17,4,2.9,2024-04-27
EMP0997,Judy,Davis,51,Engineering,97482.25,11,3.8,2022-04-04
EMP0154,Bob,Jones,45,IT,84070.69,6,3.4,2022-12-25
EMP1100,Heidi,Moore,55,IT,65996.21,10,2.7,2021-04-08
EMP1315,Charlie,Miller,36,HR,58391.11,13,1.8,2020-10-15
EMP1236,Emma,Martin,34,Customer Support,80317.56,0,3.1,2019-02-23
EMP0790,Oscar,Moore,36,Engineering,86029.71,16,1.5,2020-12-06
EMP0581,Ivan,Perez,34,Engineering,74572.65,12,3.1,2023-04-18
EMP0704,Noah,Jones,26,,81487.19,8,4.8,2023-04-15
EMP1274,Bob,Jackson,28,Finance,74758.22,10,1.3,2018-05-18
EMP0488,John,Jackson,44,Sales,82893.43,14,3.9,2024-09-09
EMP0560,Grace,Lopez,59,Customer Support,35000.0,0,1.1,2018-12-02
EMP0802,Emma,White,25,IT,73337.89,14,5.0,2020-01-03
EMP0513,Elijah,Martinez,25,HR,63715.05,7,1.4,2021-04-05
EMP0634,Mallory,White,47,R&D,73443.26,7,1.4,2019-12-14
EMP1122,Peggy,Hernandez,55,IT,56958.97,15,2.2,2019-01-27
EMP1353,Bob,Thomas,26,R&D,44642.53,17,1.7,2021-02-01
EMP0791,Sophia,Taylor,27,Finance,75872.05,5,4.9,2024-01-05
EMP0117,Jane,Perez,53,IT,76572.7,17,1.4,2023-11-20
EMP0741,Liam,Smith,49,HR,85262.12,17,4.6,2019-01-17
EMP1082,Frank,Johnson,43,Customer Support,72252.56,17,5.0,2023-01-05
EMP0831,Ivan,Jones,30,IT,65338.78,2,3.7,2022-11-19
EMP0120,Mallory,Lee,58,Finance,81929.77,12,1.2,2020-07-06
EMP0657,Emma,White,48,R&D,55897.55,10,,2018-11-12
EMP0636,John,Johnson,24,IT,138862.15,16,4.3,2022-03-31
EMP0370,Ivan,Harris,43,Sales,70504.69,13,3.2,2022-08-31
EMP0269,Jane,Jackson,54,Customer Support,79675.72,11,2.2,2023-08-26
EMP0656,Diana,Perez,36,Marketing,66927.03,16,2.1,2020-07-31
EMP0936,Peggy,Anderson,54,IT,64146.52,1,3.9,2018-11-08
EMP0823,Diana,Garcia,23,Marketing,60831.86,11,3.0,2018-08-02
EMP0867,Grace,Hernandez,35,HR,100314.16,12,3.9,2022-06-25
EMP0047,Elijah,Rodriguez,57,,75760.07,3,2.3,2019-03-29
EMP1306,Grace,Harris,24,Engineering,84241.22,6,1.7,2020-09-22
EMP0992,Noah,Thompson,49,HR,35000.0,7,1.7,2023-02-28
EMP0877,Diana,Wilson,23,Engineering,102849.31,9,3.6,2024-03-01
EMP0774,Romeo,Martinez,51,Finance,38387.34,14,4.4,2018-01-30
EMP0120,Mallory,Lee,58,Finance,81929.77,12,1.2,2020-07-06
EMP0005,Grace,Johnson,40,HR,74927.95,10,2.8,2019-05-22
EMP1004,Oscar,Lopez,51,HR,92247.87,19,2.6,2024-02-25
EMP1317,Oscar,Hernandez,26,R&D,83367.96,12,1.8,2023-08-10
EMP0264,Frank,White,55,Finance,54704.87,3,4.3,2020-05-08
EMP1197,Trent,Miller,47,R&D,42846.78,11,4.8,2022-03-11
EMP1385,Olivia,Rodriguez,51,HR,62414.73,15,2.8,2021-08-12
EMP0444,Emma,Wilson,56,Customer Support,58215.81,2,4.2,2023-01-22
EMP1003,Ava,Smith,50,HR,62465.66,12,3.6,2020-02-06
EMP1078,Sophia,White,51,Sales,92487.78,10,3.6,2021-12-25
EMP0838,Alice,Miller,52,IT,60616.93,7,2.4,2024-10-30
EMP1355,Bob,Moore,44,Customer Support,92807.66,8,2.9,2024-03-21
EMP0305,Liam,Harris,30,Engineering,59280.21,16,1.5,2020-07-07
EMP1245,Elijah,White,31,Sales,62012.54,2,2.6,2018-03-02
EMP0314,Eve,Thompson,41,Finance,,13,2.6,2022-09-03
EMP0150,Trent,Jones,45,Customer Support,81575.25,18,3.9,2022-07-10
EMP1149,Liam,Garcia,38,Sales,89307.63,11,4.6,2023-05-05
EMP0575,Bob,Moore,30,R&D,70470.42,16,3.1,2020-05-21
EMP0051,Mallory,Lopez,25,Engineering,69852.47,9,3.0,2019-01-04
EMP1270,Oscar,Thomas,32,IT,93433.0,7,2.3,2020-10-16
EMP0727,Peggy,Jones,35,IT,88451.47,13,2.1,2020-04-08
EMP0834,Grace,Harris,45,Sales,92936.79,3,4.5,2020-12-13
EMP1116,Diana,Thomas,43,R&D,73484.71,0,1.2,2020-10-27
EMP0471,Liam,Brown,49,HR,81176.66,13,4.3,2023-12-26
EMP0972,Alice,Jones,48,Marketing,100238.43,14,2.2,2020-01-20
EMP0654,Sophia,Wilson,39,Engineering,,19,2.0,2022-12-07
EMP0400,Sybil,Smith,37,R&D,111520.19,16,2.4,2018-04-12
EMP0512,Judy,Williams,46,IT,,3,2.4,2018-10-27
EMP0321,Grace,Martinez,36,Sales,61638.19,2,1.2,2022-12-20
EMP0020,Eve,Jones,54,Sales,86451.66,5,1.7,2019-03-06
EMP0685,Eve,Martin,29,R&D,,11,2.1,2019-07-06
EMP0036,Sophia,Harris,35,IT,78958.22,2,1.2,2019-10-19
EMP0903,Romeo,Martin,59,Finance,50313.02,9,,2020-11-21
EMP0828,Eve,Thomas,58,HR,85174.5,11,1.9,2019-08-19
EMP1360,Charlie,Jackson,39,Finance,61793.58,17,2.1,2023-01-15
EMP0408,Grace,Thompson,56,IT,106230.22,12,2.1,2021-04-29
EMP0921,Liam,Anderson,48,IT,88939.09,2,1.2,2022-04-17
EMP0538,Sophia,Thomas,37,Customer Support,87616.23,13,,2021-07-19
EMP0759,Charlie,Lee,40,Marketing,94006.15,10,4.4,2024-06-17
EMP1063,Diana,Jones,50,Sales,64518.23,9,1.0,2024-04-14
EMP0246,Heidi,White,54,Engineering,72403.59,18,1.9,2024-10-30
EMP1128,Frank,Jones,42,R&D,87767.84,15,1.2,2022-06-15
EMP0785,Mallory,Williams,23,HR,70078.75,7,1.1,2019-03-13
EMP0490,Alice,Jackson,32,IT,83892.05,14,2.9,2024-01-10
EMP0155,Charlie,Jones,33,Marketing,70116.87,13,2.5,2024-06-05
EMP0962,Grace,Rodriguez,31,Marketing,67167.03,15,1.9,2018-01-28
EMP0854,Eve,Lopez,51,Finance,,7,3.1,2018-05-18
EMP0626,Emma,Jones,34,Customer Support,55933.43,0,4.3,2021-08-20
EMP0686,Noah,Jones,25,Marketing,74542.64,13,2.8,2023-10-01
EMP0570,Grace,Lee,49,Engineering,99538.66,7,3.4,2018-05-08
EMP1442,Heidi,Johnson,42,Sales,98391.8,17,2.4,2024-04-05
EMP0018,John,Garcia,23,Sales,87816.86,2,2.1,2019-07-16
EMP0128,Liam,Williams,43,Customer Support,53931.69,6,3.0,2021-11-17
EMP1489,Frank,Jones,32,Engineering,88666.58,15,1.2,2021-05-15
EMP0928,Sybil,Lopez,29,R&D,52464.65,8,2.3,2024-01-04
EMP0981,Trent,Perez,54,Customer Support,73902.12,7,2.0,2022-09-30
EMP1485,Frank,Gonzalez,43,HR,92383.12,7,1.1,2023-10-22
EMP0191,Elijah,White,41,R&D,90178.57,7,4.5,2020-06-27
EMP1140,Liam,Davis,55,Sales,71179.44,6,2.7,2022-12-21
EMP0993,Frank,Lee,28,Finance,88118.02,4,1.7,2021-07-16
EMP1479,Olivia,Lee,28,R&D,84993.7,19,2.4,2022-06-15
EMP1266,Diana,Thompson,58,HR,77087.12,10,3.5,2020-10-21
EMP0607,Ivan,White,27,IT,78528.83,15,3.5,2023-06-04
EMP0181,Bob,Harris,27,Finance,35000.0,1,4.6,2020-07-02
EMP0302,Jane,Davis,47,Sales,71950.6,14,1.7,2023-01-28
EMP0497,Oscar,Hernandez,28,Customer Support,72581.04,19,,2022-08-18
EMP1346,Charlie,Martinez,54,Finance,88374.83,9,1.4,2020-02-17
EMP1271,Victor,Rodriguez,34,Engineering,72449.02,9,3.4,2022-04-26
EMP1254,Charlie,Jackson,51,Customer Support,92851.95,6,4.9,2018-05-10
EMP0518,Charlie,Lopez,48,IT,99167.32,4,2.8,2024-07-06
EMP1070,Trent,Lee,23,IT,78103.81,1,2.2,2021-12-09
EMP0477,Elijah,Jones,56,R&D,90066.83,9,3.8,2019-08-14
EMP0158,Sophia,Garcia,58,Marketing,50447.84,1,2.2,2023-08-04
EMP1196,Diana,Moore,44,R&D,116790.77,14,4.1,2024-02-24
EMP0017,Jane,Wilson,59,HR,110953.73,0,1.4,2024-10-16
EMP1073,Liam,Jackson,33,Sales,61837.67,15,2.1,2024-06-20
EMP0547,Judy,Taylor,35,Finance,112691.73,19,2.7,2022-01-12
EMP0659,Heidi,Anderson,59,Marketing,116250.5,12,4.3,2021-02-24
EMP1240,Jane,Martin,53,R&D,70059.49,5,3.9,2022-12-01
EMP1020,Elijah,Wilson,31,Engineering,60101.95,1,1.5,2023-01-21
EMP1272,Alice,Lee,55,,105223.1,15,2.3,2022-12-20
EMP0960,Judy,Rodriguez,30,Customer Support,76959.66,17,4.5,2018-11-18
EMP1425,Mallory,Williams,56,IT,108469.04,14,3.9,2018-10-16
EMP0284,Romeo,Martinez,56,Finance,,6,2.3,2019-03-13
EMP0798,Trent,Lee,47,R&D,74259.26,13,3.5,2022-08-20
EMP0226,Elijah,Taylor,54,Engineering,75811.83,11,3.2,2018-01-18
EMP0027,Noah,Rodriguez,36,Marketing,92903.86,16,1.1,2020-03-24
EMP0438,Heidi,Thompson,42,Marketing,80371.85,5,4.3,2018-10-16
EMP1473,John,Jackson,24,Finance,73656.43,5,1.6,2022-03-17
EMP0230,Charlie,Thompson,57,Marketing,109991.53,15,2.1,2022-11-08
EMP0038,Elijah,Perez,47,Marketing,65322.28,4,1.8,2024-02-24
EMP0750,Ivan,Brown,46,IT,111763.67,12,1.1,2022-02-26
EMP1046,Jane,Taylor,53,Engineering,78676.99,3,3.7,2020-10-24
EMP0470,Alice,Davis,28,R&D,75425.43,7,4.7,2019-10-03
EMP1294,Olivia,Brown,24,Marketing,75683.05,19,4.9,2018-08-02
EMP1488,Judy,Garcia,29,HR,75758.76,2,3.8,2018-01-27
EMP0688,Mallory,Johnson,46,HR,64904.5,1,4.1,2024-06-02
EMP1394,Victor,Perez,48,Marketing,85035.65,15,4.7,2020-04-07
EMP0640,Victor,Martin,51,IT,97968.91,16,2.9,2023-10-18
EMP1310,Heidi,White,24,IT,103447.4,13,1.2,2023-05-01
EMP1219,Trent,Harris,24,Marketing,,12,4.5,2018-10-08
EMP1159,Ava,Anderson,46,HR,50217.86,1,1.5,2024-09-13
EMP1458,Mallory,Rodriguez,39,HR,91520.94,4,4.5,2024-09-23
EMP1379,Liam,Miller,28,Finance,39475.3,3,1.7,2023-07-31
EMP0801,Ivan,Rodriguez,47,Sales,46873.65,7,4.7,2023-05-31
EMP0161,Olivia,Smith,23,Finance,,14,3.2,2019-05-02
EMP0957,Diana,Gonzalez,22,HR,80074.79,1,3.8,2019-10-01
EMP1187,Romeo,White,33,Customer Support,58782.85,16,4.0,2023-07-08
EMP0822,Peggy,Lee,31,Marketing,73786.78,6,3.4,2024-03-05
EMP1286,Trent,Harris,44,HR,98850.15,9,4.2,2024-03-01
EMP0878,Heidi,Williams,35,Customer Support,69999.07,5,3.5,2021-03-11
EMP0914,Ivan,White,33,Sales,72807.8,2,4.9,2023-03-03
EMP0153,Jane,Rodriguez,53,HR,107274.23,8,2.4,2023-02-24
EMP1389,Emma,White,25,IT,52669.51,4,4.9,2018-10-01
EMP0510,Emma,Lopez,38,Sales,100251.68,15,2.0,2023-03-05
EMP1136,Frank,Anderson,32,Marketing,64735.73,9,4.5,2021-06-21
EMP1251,Eve,Moore,51,IT,61307.4,12,3.2,2023-08-04
EMP1273,Frank,Harris,46,Finance,45976.49,18,4.1,2020-10-09
EMP0104,Peggy,Thomas,35,Engineering,,7,1.5,2022-01-08
EMP0587,Romeo,Perez,23,Finance,76339.81,15,1.2,2021-04-06
EMP1344,Sophia,Martinez,37,Finance,108489.85,18,1.2,2024-02-02
EMP1144,Eve,Martinez,54,R&D,69742.18,3,3.3,2019-11-30
EMP0054,Judy,Perez,47,Engineering,87943.92,0,3.4,2019-02-19
EMP0152,Elijah,Smith,53,Finance,83438.42,18,1.1,2018-11-19
EMP0404,Emma,Garcia,48,IT,62885.7,13,3.7,2023-09-15
EMP1470,Emma,White,24,Marketing,61189.18,5,1.8,2024-04-25
EMP0208,John,Williams,51,Customer Support,70507.34,12,3.1,2020-02-08
EMP1433,Peggy,Garcia,35,IT,52549.1,10,2.4,2023-12-18
EMP1123,Noah,Thompson,33,Customer Support,57606.74,12,,2018-09-19
EMP1334,Victor,Thompson,53,HR,84954.86,13,3.9,2018-03-29
EMP0009,Ava,Jackson,45,Finance,70580.72,1,4.0,2019-09-20
EMP1015,Eve,Gonzalez,22,Engineering,82028.96,4,2.3,2022-09-13
EMP1359,Ava,Brown,52,Finance,75141.26,15,4.5,2019-09-27
EMP1061,Peggy,Moore,40,Engineering,61105.74,3,4.0,2022-01-18
EMP0453,Ava,Davis,33,R&D,,7,4.4,2018-09-17
EMP0254,Bob,Jones,54,Finance,126594.19,0,1.3,2019-07-20
EMP0897,Heidi,Anderson,43,Customer Support,63756.64,4,1.5,2018-10-24
EMP1324,Mallory,Anderson,26,Finance,80004.0,10,2.9,2024-01-06
EMP0881,John,Garcia,24,HR,72313.83,4,,2021-11-26
EMP1429,Trent,Moore,50,IT,91227.93,11,2.9,2023-10-29
EMP0624,Eve,Miller,30,Sales,59016.16,10,3.1,2018-07-10
EMP0346,Mallory,White,38,Customer Support,35490.67,19,1.3,2020-11-10
EMP1302,Victor,Thompson,35,Engineering,61448.71,19,4.3,2021-02-04
EMP0263,Romeo,White,48,HR,63366.38,14,1.8,2020-04-02
EMP0151,Alice,Martin,36,HR,81427.14,11,3.3,2020-08-20
EMP0473,Grace,Rodriguez,52,IT,79815.06,11,3.7,2019-07-13
EMP0641,Sophia,Jones,51,Marketing,77265.41,18,1.2,2020-10-27
EMP1500,Charlie,Hernandez,32,Engineering,88858.37,4,3.9,2019-09-26
EMP1426,Olivia,Lee,34,Customer Support,101809.22,1,4.1,2021-05-29
EMP0551,Frank,Davis,24,R&D,77817.72,12,4.3,2023-03-11
EMP0929,Liam,Lopez,44,Finance,51121.5,8,4.8,2018-02-09
EMP0489,Bob,Harris,50,Sales,51082.34,9,1.8,2022-06-03
EMP1372,Liam,Williams,52,HR,87340.12,0,4.8,2020-09-05
EMP1172,Trent,Johnson,37,HR,108229.4,17,3.4,2021-06-15
EMP0147,Frank,Davis,30,Customer Support,81052.71,0,,2020-07-01
EMP0403,Eve,Wilson,53,Customer Support,118146.16,15,2.3,2023-10-08
EMP0955,Trent,Thomas,57,Engineering,127886.87,6,1.1,2020-10-19
EMP1421,Diana,Martinez,55,,60565.25,8,1.2,2018-08-27
EMP0660,Sybil,Martin,54,Sales,53649.34,19,2.0,2020-05-16
EMP0464,Liam,Harris,40,Marketing,49063.36,1,3.5,2021-02-27
EMP0187,Ava,Taylor,27,IT,102685.46,2,4.2,2022-01-28
EMP1148,Frank,Davis,56,Customer Support,97286.43,14,2.1,2021-08-25
EMP1225,Jane,Taylor,50,Sales,55871.27,10,2.4,2023-01-29
EMP0609,Ivan,Taylor,38,Finance,58448.2,14,1.8,2018-06-15
EMP0144,Romeo,Miller,27,Sales,52139.9,10,3.4,2021-02-13
EMP0752,Oscar,Martinez,31,Customer Support,,4,4.2,2023-12-11
EMP0982,Liam,Lopez,50,Customer Support,80711.08,6,1.1,2023-05-14
EMP0198,Sybil,Johnson,53,HR,73033.21,16,2.7,2022-03-12
EMP0884,Emma,Hernandez,36,R&D,40029.36,10,1.0,2020-07-15
EMP0280,Eve,White,58,Engineering,73884.62,15,2.2,2021-03-17
EMP0294,Bob,Brown,24,Customer Support,68671.83,15,3.3,2020-10-23
EMP1380,Noah,Miller,31,Finance,,17,2.4,2024-03-08
EMP0401,Ivan,Thomas,23,IT,88558.52,19,3.8,2023-10-19
EMP0123,Eve,Gonzalez,50,Customer Support,116767.49,15,2.4,2023-11-13
EMP1208,Trent,Martin,39,Engineering,69666.95,16,2.2,2020-12-13
EMP0203,Elijah,Brown,32,Finance,93366.33,3,1.8,2019-07-30
EMP0836,Victor,Johnson,56,Customer Support,57176.16,15,3.7,2022-02-27
EMP0247,Mallory,Brown,35,Customer Support,,17,4.8,2020-10-13
EMP1495,Elijah,Gonzalez,51,,81076.37,6,2.2,2024-03-17
EMP1424,Olivia,Harris,38,,69566.9,10,3.6,2018-06-16
EMP1154,Jane,Miller,30,HR,86836.28,13,2.3,2022-12-28
EMP0385,Emma,Davis,58,Marketing,98931.43,12,5.0,2024-04-18
EMP1487,Sophia,Brown,45,Sales,59734.28,12,1.2,2021-05-21
EMP0855,John,Harris,56,IT,62751.25,15,3.9,2024-09-21
EMP0220,Romeo,Hernandez,56,R&D,102282.81,15,4.6,2023-01-20
EMP0642,Romeo,Martin,38,Customer Support,46234.44,1,1.7,2022-03-22
EMP0002,Bob,Brown,36,Engineering,83509.15,7,2.3,2022-09-04
EMP0113,Elijah,Anderson,36,Engineering,89552.59,7,4.6,2018-09-17
EMP0699,Elijah,Harris,49,Customer Support,94966.22,15,2.6,2021-03-07
EMP1447,Peggy,Brown,40,Customer Support,86441.15,11,2.0,2023-02-22
EMP0952,Mallory,Smith,58,Marketing,84933.98,10,3.4,2020-04-26
EMP1498,Emma,Harris,59,Marketing,104065.21,8,1.0,2024-05-26
EMP1292,Mallory,Jackson,38,Engineering,65255.43,5,1.1,2020-03-24
EMP1369,Olivia,Johnson,34,Finance,88869.58,3,1.4,2020-01-30
EMP0442,Sybil,Brown,30,Sales,96450.15,4,1.5,2022-07-28
EMP1137,Grace,Brown,32,IT,70428.0,1,3.0,2020-07-28
EMP1257,Noah,Smith,58,Engineering,75285.46,18,4.4,2019-08-22
EMP0664,Ivan,Anderson,38,Customer Support,84047.44,13,4.4,2022-01-23
EMP1388,Liam,Martin,43,R&D,40852.84,3,4.7,2023-11-14
EMP1258,Trent,Lopez,46,Sales,55921.21,5,3.9,2018-08-18
EMP1347,Trent,Thompson,34,Customer Support,53165.98,14,1.7,2024-05-10
EMP0318,Charlie,Rodriguez,35,IT,69194.51,14,3.7,2018-02-23
EMP0649,Emma,Martin,32,Finance,76357.11,5,3.9,2023-05-29
EMP0710,Bob,Smith,48,Marketing,69821.9,11,2.4,2019-08-08
EMP1283,Noah,Lee,27,Finance,99715.64,14,1.1,2021-08-16
EMP0973,Frank,Williams,55,Engineering,56885.35,15,1.4,2023-09-25
EMP0628,Emma,Williams,22,R&D,107493.57,5,4.7,2023-11-06
EMP0633,Heidi,Moore,29,IT,92662.2,18,1.8,2024-05-24
EMP1307,John,Martin,49,IT,90667.81,3,1.0,2018-02-06
EMP1249,Elijah,Taylor,26,Marketing,37669.2,11,1.8,2022-09-18
EMP1477,Ava,Garcia,51,Sales,63398.94,7,2.5,2023-01-28
EMP1255,Heidi,Martinez,25,R&D,50776.56,3,2.8,2021-09-14
EMP1399,Bob,Johnson,31,IT,66730.7,1,2.7,2018-05-11
EMP0796,Grace,Thomas,32,Engineering,48599.55,5,1.4,2022-06-16
EMP0646,Peggy,Garcia,42,R&D,96600.96,16,3.3,2021-12-16
EMP1013,Bob,Williams,59,Finance,98778.27,12,3.8,2022-10-03
EMP0557,Grace,Martin,53,HR,85272.0,12,1.2,2019-03-22
EMP0682,Victor,Wilson,52,Marketing,72638.63,8,3.7,2024-06-07
EMP0578,Judy,Martinez,34,Marketing,58936.42,17,4.2,2020-12-03
EMP1110,Eve,Williams,38,IT,104049.35,1,1.1,2022-08-23
EMP1267,Heidi,Lee,58,Engineering,57024.32,18,1.3,2022-04-12
EMP1184,Frank,Wilson,46,R&D,97802.98,5,3.2,2023-04-06
EMP0525,John,Taylor,41,Sales,,7,1.8,2021-03-13
EMP1060,Trent,Lee,40,Engineering,39618.48,6,2.1,2020-11-30
EMP0541,Mallory,Johnson,58,Customer Support,99420.67,2,3.5,2018-01-20
EMP1195,Elijah,Jackson,38,Finance,58297.14,8,2.9,2018-01-30
EMP0749,Grace,Wilson,41,IT,82345.75,4,,2022-09-20
EMP1402,Noah,Hernandez,47,IT,55856.98,3,1.3,2023-06-30
EMP0485,Noah,Thomas,52,Marketing,63389.53,11,3.3,2018-06-21
EMP0096,Alice,Wilson,58,Marketing,65124.87,8,2.9,2019-03-01
EMP1021,Noah,Harris,31,R&D,61496.43,15,1.9,2020-01-07
EMP0564,Mallory,Harris,29,R&D,65858.07,16,2.9,2020-03-15
EMP1265,Noah,White,33,IT,107344.25,12,4.0,2020-02-27
EMP0743,Grace,Miller,38,Customer Support,89776.21,19,3.1,2019-06-18
EMP0864,Eve,White,46,R&D,76856.9,10,2.7,2019-10-07
EMP0892,Liam,Martin,54,IT,70701.58,9,2.8,2019-12-18
EMP1039,Diana,Garcia,49,IT,87708.36,5,2.5,2023-08-09
EMP0207,Sybil,Williams,52,HR,55350.25,15,1.0,2020-03-13
EMP0393,Jane,Harris,40,R&D,47561.98,7,2.5,2021-08-07
EMP0795,Frank,Gonzalez,36,Sales,60150.59,12,4.3,2021-02-02
EMP0871,Olivia,Thomas,44,Customer Support,62075.45,11,1.2,2024-07-28
EMP0398,Romeo,Hernandez,37,IT,95798.09,7,3.1,2024-01-22
EMP0767,Peggy,Smith,43,Customer Support,94503.95,14,1.8,2021-03-06
EMP1392,Ava,Davis,57,Sales,64034.25,15,1.2,2020-01-02
EMP1242,Sybil,Garcia,50,Customer Support,62049.16,15,1.8,2020-08-11
EMP1029,Romeo,Anderson,50,Engineering,,10,1.0,2024-03-24
EMP0643,Olivia,Gonzalez,44,HR,93384.58,7,3.8,2020-07-01
EMP0613,Heidi,Wilson,59,Customer Support,83731.2,13,4.4,2018-09-15
EMP0961,Sophia,Harris,30,IT,81161.01,10,4.8,2023-07-11
EMP0726,Oscar,Hernandez,44,Customer Support,70174.85,14,1.8,2018-03-09
EMP0684,Romeo,Miller,37,HR,62843.56,15,1.7,2019-10-22
EMP0099,Diana,White,48,Engineering,105015.2,13,2.3,2023-06-01
EMP0805,Mallory,Williams,54,Marketing,,2,2.2,2024-03-22
EMP0407,Frank,Moore,33,HR,101034.83,15,3.9,2018-06-29
EMP0503,Judy,Thomas,50,Customer Support,109539.28,11,1.8,2020-11-01
EMP1072,Romeo,Jackson,44,,57657.4,15,2.4,2020-03-25
EMP1057,Romeo,Williams,54,IT,82848.32,9,4.5,2019-01-30
EMP0930,Grace,Gonzalez,47,Marketing,77858.86,9,4.3,2020-12-14
EMP0780,Trent,Jackson,58,Marketing,101298.29,16,4.2,2022-03-17
EMP0201,Charlie,Wilson,39,Finance,78597.88,14,2.5,2019-11-04
EMP0135,Charlie,Johnson,51,Customer Support,78008.38,6,2.2,2023-09-02
EMP1052,Liam,Thompson,52,R&D,55529.08,4,1.5,2019-11-01
EMP0041,Noah,Gonzalez,49,Marketing,85456.71,11,2.3,2023-05-23
EMP1018,Ava,Thomas,24,Engineering,57362.51,5,1.7,2022-06-29
EMP0231,Emma,Brown,59,,50122.74,7,,2024-07-24
EMP0379,Sybil,Jackson,47,IT,45421.77,11,2.3,2021-09-18
EMP0289,Trent,Miller,54,Sales,60289.4,1,3.8,2018-08-20
EMP0419,Peggy,Smith,33,R&D,99008.28,7,2.8,2020-05-13
EMP0392,Olivia,Miller,31,IT,109234.17,10,1.9,2018-06-13
EMP0593,John,Perez,39,R&D,80871.16,8,4.0,2022-06-14
EMP1163,Bob,Smith,51,R&D,78466.83,12,2.8,2023-11-15
EMP1087,Olivia,Harris,44,Engineering,35000.0,0,2.8,2019-08-17
EMP0648,Peggy,Harris,23,IT,100620.33,18,1.5,2023-06-18
EMP1153,Alice,Hernandez,23,HR,88457.22,9,3.6,2024-02-25
EMP1368,Ivan,Martinez,53,Finance,57744.48,16,3.3,2022-04-02
EMP0521,Sophia,Lee,40,Marketing,90567.22,12,4.5,2022-01-02
EMP0065,Oscar,Martin,37,Finance,71547.45,16,4.6,2021-04-05
EMP0015,Romeo,Hernandez,45,IT,54967.6,3,1.2,2023-11-02
EMP1181,Grace,Moore,37,Finance,,13,3.7,2019-07-13
EMP1065,Grace,Martinez,23,IT,58551.6,18,1.6,2020-11-21
EMP0493,Oscar,Jackson,30,HR,72319.66,12,3.1,2021-06-02
EMP0380,Alice,Thomas,47,Finance,78667.2,7,4.8,2022-01-17
EMP0188,Ava,Davis,37,R&D,86278.18,18,1.3,2023-01-28
EMP0764,Victor,Thomas,27,Engineering,98237.57,7,3.5,2023-05-09
EMP0217,Frank,Jackson,58,IT,74607.24,8,3.6,2018-07-10
EMP0792,Olivia,Taylor,51,Sales,108901.02,16,1.7,2022-10-01
EMP1077,Charlie,Martin,59,IT,65475.58,0,1.1,2021-03-11
EMP0879,Bob,Wilson,27,Finance,80773.87,17,1.7,2024-04-09
EMP0338,Trent,Miller,27,Finance,68895.51,4,4.0,2018-06-16
EMP0720,Elijah,Davis,56,Marketing,78591.64,0,3.1,2018-10-09
EMP0296,Victor,Moore,53,Finance,77834.34,11,4.6,2018-09-12
EMP1017,Bob,White,50,HR,74469.57,19,1.6,2022-02-04
EMP1276,Bob,Davis,29,,82272.64,8,4.2,2023-03-03
EMP0456,Grace,Garcia,46,R&D,80651.6,16,3.0,2018-10-25
EMP0581,Ivan,Perez,34,Engineering,74572.65,12,3.1,2023-04-18
EMP0816,Emma,Hernandez,24,Engineering,59960.61,17,3.6,2019-10-25
EMP0270,Frank,Moore,26,Customer Support,43882.09,0,2.9,2024-02-01
EMP0996,Romeo,Taylor,34,R&D,67229.63,14,1.3,2020-05-13
EMP0202,Judy,Perez,22,Customer Support,102840.05,15,1.6,2023-07-10
EMP0162,Alice,Jones,49,Customer Support,102514.14,2,3.8,2023-07-31
EMP0730,Trent,Martinez,47,Finance,55509.41,16,2.7,2022-09-16
EMP0402,Grace,White,49,Sales,65241.77,19,,2022-03-16
EMP0703,Sophia,Taylor,22,IT,56925.96,11,3.2,2024-10-20
EMP1130,Noah,Lopez,23,Engineering,87063.75,1,4.1,2018-12-07
EMP0566,Oscar,Perez,57,Marketing,84375.49,17,2.9,2018-11-10
EMP1414,Frank,Thomas,27,Marketing,61999.52,4,1.4,2018-11-24
EMP1022,Diana,Wilson,40,IT,72109.63,17,1.4,2024-05-29
EMP1026,Trent,Hernandez,49,HR,79265.87,18,1.2,2019-02-14
EMP1412,Victor,Wilson,32,R&D,56409.78,4,1.8,2020-05-04
EMP1105,Ava,Davis,39,Engineering,63989.26,9,3.9,2022-12-28
EMP0206,Elijah,Anderson,44,IT,93815.42,4,2.6,2020-11-07
EMP0035,Grace,Jones,46,Sales,109719.28,18,1.7,2021-04-24
EMP0776,John,Smith,45,HR,102473.17,0,4.8,2023-11-11
EMP0509,Frank,Johnson,43,Marketing,44486.87,17,2.6,2024-02-27
EMP1491,Eve,Hernandez,38,Marketing,96459.56,13,3.8,2020-05-29
EMP1391,Frank,Davis,53,Sales,71882.04,6,1.7,2019-06-16
EMP0092,Grace,Perez,55,IT,84540.82,14,,2019-04-09
EMP1364,Alice,Gonzalez,34,IT,64479.3,0,2.8,2022-02-12
EMP0898,Emma,Lopez,23,Marketing,70815.56,9,4.8,2023-08-23
EMP0565,Emma,Hernandez,49,Sales,62955.76,7,3.5,2020-12-14
EMP1370,Noah,Martinez,48,HR,67159.75,10,2.8,2018-03-18
EMP0777,Elijah,Martin,30,Sales,72251.03,9,2.4,2019-04-28
EMP0242,Ava,Hernandez,37,Engineering,81196.41,16,1.0,2021-08-11
EMP0014,Alice,Martinez,23,Finance,61360.32,10,3.9,2019-02-18
EMP0316,Oscar,Smith,29,R&D,73022.21,16,4.6,2024-03-11
EMP0601,Emma,Gonzalez,34,HR,79011.38,14,4.7,2023-01-02
EMP0388,Bob,Johnson,26,Engineering,56334.64,16,3.2,2021-11-18
EMP1298,Alice,Hernandez,34,Engineering,52024.12,0,2.0,2022-11-14
EMP0167,Sybil,Hernandez,22,R&D,53074.5,18,1.1,2018-05-27
EMP0841,Ava,Johnson,32,IT,72374.86,10,2.1,2022-06-30
EMP0021,Frank,Moore,33,R&D,102987.11,17,1.2,2023-09-27
EMP0647,Peggy,Thompson,35,Finance,66053.56,5,1.5,2021-11-14
EMP1155,Diana,Harris,30,Customer Support,67919.19,13,3.5,2019-07-08
EMP0832,Elijah,Williams,32,Customer Support,77935.86,18,1.5,2018-12-28
EMP1268,Oscar,Smith,27,R&D,48393.73,7,3.1,2018-02-21
EMP0563,Sybil,Wilson,49,R&D,108225.18,12,3.3,2024-01-16
EMP1476,Elijah,Miller,46,Customer Support,104744.92,2,4.9,2022-01-14
EMP0687,Noah,Rodriguez,25,Sales,55013.96,12,2.9,2018-06-10
EMP0958,Trent,Moore,36,Sales,84353.86,11,4.0,2019-03-13
EMP0190,Sybil,Johnson,24,Marketing,92068.31,13,2.5,2019-02-04
EMP0976,Trent,Thompson,45,Sales,102488.76,12,4.4,2020-06-28
EMP0700,Victor,Garcia,43,Marketing,66367.59,16,2.7,2018-12-18
EMP0511,Bob,Taylor,28,IT,63962.84,6,4.2,2024-03-01
EMP1083,Bob,Smith,45,Finance,82809.3,11,4.1,2018-11-18
EMP0475,John,Garcia,37,Marketing,86310.19,16,3.5,2024-02-14
EMP0857,Charlie,Lee,58,R&D,52125.48,3,4.8,2023-10-14
EMP0748,Frank,Taylor,34,Engineering,91161.16,12,4.4,2023-11-09
EMP0253,Peggy,Lopez,38,HR,73234.36,2,3.4,2019-07-01
EMP0022,Sybil,Lopez,43,IT,93492.67,0,2.3,2019-04-28
EMP1338,Trent,Miller,48,Engineering,62654.94,15,1.9,2020-10-23
EMP0460,Noah,Brown,41,R&D,89697.56,4,2.9,2021-04-02
EMP1185,Emma,Jones,39,Finance,106610.81,11,2.0,2024-01-01
EMP0277,Grace,Perez,50,Customer Support,108451.45,4,,2024-05-26
EMP0956,Ivan,Taylor,44,Engineering,44940.59,16,3.1,2021-12-29
EMP1216,Ivan,Hernandez,45,Customer Support,61760.36,8,4.9,2021-01-06
EMP0386,Frank,Gonzalez,44,Sales,71829.41,1,4.8,2018-02-06
EMP0806,Ava,Lopez,41,Engineering,45848.97,5,2.6,2023-06-05
EMP1438,Emma,Thomas,24,R&D,81811.78,0,2.2,2020-10-15
EMP0344,Mallory,Lopez,51,Marketing,84730.03,16,2.2,2019-10-22
EMP0770,Eve,Jackson,27,Marketing,95020.92,11,5.0,2022-08-01
EMP1333,Elijah,Lee,38,HR,79601.42,13,2.8,2020-03-01
EMP0131,Liam,Lee,27,IT,71186.35,12,2.3,2024-04-05
EMP0872,Olivia,Lopez,36,Engineering,110506.22,18,4.3,2020-03-31
EMP1124,Olivia,Hernandez,28,,97508.7,19,2.2,2023-04-23
EMP1397,Liam,Lee,43,Finance,67804.63,3,4.2,2020-02-24
EMP0088,Judy,Jones,28,Customer Support,98216.54,9,2.0,2022-04-29
EMP1483,Elijah,Hernandez,30,Customer Support,84644.98,2,3.4,2024-09-06
EMP0331,Oscar,Jones,27,Sales,74499.46,10,2.9,2019-12-28
EMP1239,Victor,Hernandez,53,Finance,116994.44,19,4.0,2019-05-28
EMP0467,Trent,White,40,IT,64427.67,4,4.0,2022-06-07
EMP0122,Alice,Johnson,36,HR,35000.0,1,3.9,2023-10-28
EMP1045,Grace,Brown,35,R&D,35000.0,8,2.6,2021-05-13
EMP1096,Peggy,Lee,43,IT,68678.54,10,3.3,2021-11-08
EMP1131,Heidi,Taylor,22,Finance,64117.72,11,2.1,2019-03-02
EMP1295,Sybil,Miller,53,Finance,,5,1.9,2020-06-11
EMP0861,Emma,Lopez,47,Finance,72429.25,2,3.8,2022-01-13
EMP1460,Bob,Brown,37,Engineering,42868.46,9,1.8,2021-12-14
EMP1127,Jane,Gonzalez,47,Sales,56987.59,8,2.8,2018-04-18
